,Unnamed: 0,Unnamed: 0.1,Unnamed: 0.1.1,Unnamed: 0.1.1.1,Unnamed: 0.1.1.1.1,tconst,MovieRating,DirectorRating,MovieTitle,numVotes,startYear,class,Directors_x,scaledVotes,decade,Directors_y,Directors
0,0,0,0,0,0,tt0004905,5.4,5.9,The Arab,25,1915,Lower,Cecil B. DeMille,1.0013583235293793,1910,Cecil B. DeMille,Cecil B. DeMille
1,1,1,1,1,1,tt0005402,6.4,5.9,The Golden Chance,190,1915,Higher,Cecil B. DeMille,1.0103232588232816,1910,Cecil B. DeMille,Cecil B. DeMille
2,2,2,2,2,2,tt0005719,5.6,5.8,Martyrs of the Alamo,136,1915,Lower,Christy Cabanne,1.0073892799998223,1910,Christy Cabanne,Christy Cabanne
3,3,3,3,3,3,tt0006592,6.1,5.8,Diane of the Follies,49,1916,Higher,Christy Cabanne,1.0026623141175832,1910,Christy Cabanne,Christy Cabanne
4,17,10,14,6,15,tt0014866,5.3,5.8,Empty Hands,11,1924,Lower,Victor Fleming,1.0005976623529271,1920,Victor Fleming,Victor Fleming
5,16,4,17,10,14,tt0125466,7.0,6.85,Professor Petersens Plejebørn,6,1924,Higher,Lau Lauritzen,1.0003259976470509,1920,Lau Lauritzen,Lau Lauritzen
6,15,5,16,4,17,tt0012068,6.7,5.066666666666666,The Conquering Power,419,1921,Higher,Rex Ingram,1.0227655023523945,1920,Rex Ingram,Rex Ingram
7,13,7,13,7,13,tt0019553,6.4,5.8,The Way of All Flesh,134,1927,Higher,Victor Fleming,1.0072806141174722,1920,Victor Fleming,Victor Fleming
8,12,8,12,8,12,tt0012434,5.7,5.8,Mama's Affair,13,1921,Lower,Victor Fleming,1.0007063282352768,1920,Victor Fleming,Victor Fleming
9,11,9,11,9,11,tt0012952,6.5,6.15,Blood and Sand,1241,1922,Higher,Dorothy Arzner,1.067427179998381,1920,Dorothy Arzner,Dorothy Arzner
10,14,6,15,5,16,tt0013059,6.3,7.300000000000002,Der var engang,344,1922,Lower,Carl Theodor Dreyer,1.0186905317642572,1920,Carl Theodor Dreyer,Carl Theodor Dreyer
11,9,11,9,11,9,tt0017599,5.1,5.4,Alias the Lone Wolf,7,1927,Lower,Edward H. Griffith,1.0003803305882262,1920,Edward H. Griffith,Edward H. Griffith
12,8,12,8,12,8,tt0015189,6.7,6.85,Ole Opfinders offer,7,1924,Lower,Lau Lauritzen,1.0003803305882262,1920,Lau Lauritzen,Lau Lauritzen
13,7,13,7,13,7,tt0019237,6.7,6.166666666666668,Our Dancing Daughters,1518,1928,Higher,Harry Beaumont,1.082477404703902,1920,Harry Beaumont,Harry Beaumont
14,6,15,5,16,4,tt0015864,8.2,8.149999999999999,The Gold Rush,99502,1925,Higher,Charles Chaplin,6.406236312811375,1920,Charles Chaplin,Charles Chaplin
15,5,16,4,17,10,tt0357213,7.2,7.1,Sunrise,198,1926,Higher,Raymond Longford,1.0107579223526828,1920,Raymond Longford,Raymond Longford
16,4,17,10,14,6,tt0011689,4.6,5.066666666666666,Shore Acres,5,1920,Lower,Rex Ingram,1.0002716647058758,1920,Rex Ingram,Rex Ingram
17,10,14,6,15,5,tt0011805,3.9,5.066666666666666,Under Crimson Skies,12,1920,Lower,Rex Ingram,1.000651995294102,1920,Rex Ingram,Rex Ingram
18,58,29,60,19,57,tt0029126,5.8,5.8000000000000025,A Lawman Is Born,57,1937,Lower,Sam Newfield,1.0030969776469845,1930,Sam Newfield,Sam Newfield
19,57,28,53,24,52,tt0027130,4.8,5.8000000000000025,Trails of the Wild,21,1935,Lower,Sam Newfield,1.0011409917646783,1930,Sam Newfield,Sam Newfield
20,56,27,59,30,69,tt0132979,6.4,6.7,La foule hurle,32,1932,Lower,Howard Hawks,1.0017386541176052,1930,Howard Hawks,Howard Hawks
21,55,26,48,45,49,tt0023304,5.7,6.400000000000001,One Man Law,25,1932,Lower,Lambert Hillyer,1.0013583235293793,1930,Lambert Hillyer,Lambert Hillyer
22,54,25,50,21,55,tt0029579,6.3,6.133333333333333,Slim,360,1937,Higher,Ray Enright,1.01955985882306,1930,Ray Enright,Ray Enright
23,51,22,54,25,50,tt0020702,5.4,6.65,Born Reckless,328,1930,Lower,John Ford,1.0178212047054545,1930,John Ford,John Ford
24,52,23,51,22,54,tt0027647,4.7,5.6,Frontier Justice,51,1935,Lower,Robert F. McGowan,1.0027709799999334,1930,Robert F. McGowan,Robert F. McGowan
25,50,21,55,26,48,tt0026572,6.1,5.9499999999999975,King of the Damned,53,1935,Higher,Walter Forde,1.0028796458822835,1930,Walter Forde,Walter Forde
26,48,45,49,20,56,tt0026122,6.6,7.05,The Black Mask,22,1935,Lower,Ralph Ince,1.0011953247058536,1930,Ralph Ince,Ralph Ince
27,59,30,69,36,67,tt0022137,7.2,6.25,Men in Her Life,29,1931,Higher,William Beaudine,1.0015756552940798,1930,William Beaudine,William Beaudine
28,53,24,52,23,51,tt0029994,5.6,5.65,Cipher Bureau,32,1938,Lower,Charles Lamont,1.0017386541176052,1930,Charles Lamont,Charles Lamont
29,60,19,57,28,53,tt0025527,7.5,7.05,Murder at Monte Carlo,28,1935,Higher,Ralph Ince,1.0015213223529047,1930,Ralph Ince,Ralph Ince
30,69,36,67,42,73,tt0030579,4.6,5.05,Die Pfingstorgel,5,1938,Lower,Franz Seitz,1.0002716647058758,1930,Franz Seitz,Franz Seitz
31,62,31,62,31,62,tt0029250,7.0,6.5,Millions,22,1937,Higher,Leslie S. Hiscott,1.0011953247058536,1930,Leslie S. Hiscott,Leslie S. Hiscott
32,63,43,61,32,63,tt0028092,6.6,6.9499999999999975,Pennies from Heaven,610,1936,Lower,Norman Z. McLeod,1.0331430941168511,1930,Norman Z. McLeod,Norman Z. McLeod
33,64,41,72,33,64,tt0030764,7.1,6.62,A Slight Case of Murder,1940,1938,Higher,Lloyd Bacon,1.1054059058798222,1930,Lloyd Bacon,Lloyd Bacon
34,65,40,71,34,65,tt0025289,6.1,5.6,I'll Tell the World,55,1934,Higher,Edward Sedgwick,1.002988311764634,1930,Edward Sedgwick,Edward Sedgwick
35,66,39,70,35,66,tt0021669,6.8,6.5,Black Coffee,11,1931,Higher,Leslie S. Hiscott,1.0005976623529271,1930,Leslie S. Hiscott,Leslie S. Hiscott
36,67,42,73,38,47,tt0023592,3.3,5.675,Thrill of Youth,6,1932,Lower,Richard Thorpe,1.0003259976470509,1930,Richard Thorpe,Richard Thorpe
37,68,37,68,37,68,tt0158283,5.7,6.0500000000000025,Tout pour l'amour,44,1933,Lower,Joe May,1.0023906494117074,1930,Joe May,Joe May
38,47,18,58,29,60,tt0027757,6.7,6.35,Hollywood Boulevard,75,1936,Higher,Robert Florey,1.0040749705881375,1930,Robert Florey,Robert Florey
39,70,35,66,39,70,tt0029488,5.1,5.6,Riding on Air,107,1937,Lower,Edward Sedgwick,1.0058136247057428,1930,Edward Sedgwick,Edward Sedgwick
40,71,34,65,40,71,tt0134075,6.4,6.6,Sacrifice d'honneur,16,1935,Lower,Marcel L'Herbier,1.0008693270588027,1930,Marcel L'Herbier,Marcel L'Herbier
41,72,33,64,41,72,tt0029286,5.8,5.7666666666666675,Mysterious Crossing,6,1936,Higher,Arthur Lubin,1.0003259976470509,1930,Arthur Lubin,Arthur Lubin
42,73,38,47,18,58,tt0028842,6.6,6.62,Ever Since Eve,1389,1937,Lower,Lloyd Bacon,1.0754684552923055,1930,Lloyd Bacon,Lloyd Bacon
43,61,32,63,43,61,tt0143180,6.8,6.6,The Citadel of Silence,10,1937,Higher,Marcel L'Herbier,1.0005433294117516,1930,Marcel L'Herbier,Marcel L'Herbier
44,46,44,46,44,46,tt0024307,6.5,6.62,"Mary Stevens, M.D.",355,1933,Lower,Lloyd Bacon,1.019288194117184,1930,Lloyd Bacon,Lloyd Bacon
45,49,20,56,27,59,tt0031947,6.4,6.0500000000000025,Society Smugglers,19,1939,Higher,Joe May,1.0010323258823282,1930,Joe May,Joe May
46,44,46,44,46,44,tt0030829,6.8,6.65,Tanz auf dem Vulkan,77,1938,Higher,Hans Steinhoff,1.0041836364704877,1930,Hans Steinhoff,Hans Steinhoff
47,18,58,29,60,19,tt0231918,6.7,6.1,Social Decay,78,1932,Higher,Stelios Tatasopoulos,1.004237969411663,1930,Stelios Tatasopoulos,Stelios Tatasopoulos
48,45,49,20,56,27,tt0031756,5.6,6.133333333333333,On Your Toes,185,1939,Lower,Ray Enright,1.0100515941174055,1930,Ray Enright,Ray Enright
49,20,56,27,59,30,tt0029682,7.3,6.9499999999999975,Topper,6745,1937,Higher,Norman Z. McLeod,1.3664756882264952,1930,Norman Z. McLeod,Norman Z. McLeod
50,21,55,26,48,45,tt0027188,6.5,6.133333333333333,We're in the Money,387,1935,Higher,Ray Enright,1.0210268482347893,1930,Ray Enright,Ray Enright
51,22,54,25,50,21,tt0024659,6.6,6.3,Those Were the Days,86,1934,Higher,Thomas Bentley,1.0046726329410642,1930,Thomas Bentley,Thomas Bentley
52,23,51,22,54,25,tt0027423,6.2,6.2,Career Woman,67,1936,Equal,Lewis Seiler,1.0036403070587359,1930,Lewis Seiler,Lewis Seiler
53,24,52,23,51,22,tt0021926,5.7,5.8,Graft,74,1931,Lower,Christy Cabanne,1.0040206376469625,1930,Christy Cabanne,Christy Cabanne
54,25,50,21,55,26,tt0029764,5.7,6.166666666666668,When's Your Birthday?,144,1937,Lower,Harry Beaumont,1.007823943529224,1930,Harry Beaumont,Harry Beaumont
55,26,48,45,49,20,tt0027029,6.7,6.75,Special Agent,830,1935,Lower,William Keighley,1.0450963411753875,1930,William Keighley,William Keighley
56,27,59,30,69,36,tt0024236,6.1,6.25,Laughing Heirs,162,1933,Lower,Max Ophüls,1.0088019364703769,1930,Max Ophüls,Max Ophüls
57,28,53,24,52,23,tt0026280,6.4,6.25,Divine,123,1935,Higher,Max Ophüls,1.0066829517645457,1930,Max Ophüls,Max Ophüls
58,29,60,19,57,28,tt0028884,5.3,5.6,Flådens blå matroser,25,1937,Lower,Jon Iversen,1.0013583235293793,1930,Jon Iversen,Jon Iversen
59,30,69,36,67,42,tt0031868,6.5,6.65,Robert Koch: The Battle Against Death,62,1939,Lower,Hans Steinhoff,1.0033686423528605,1930,Hans Steinhoff,Hans Steinhoff
60,19,57,28,53,24,tt0020676,5.8,5.9499999999999975,Bed and Breakfast,5,1930,Lower,Walter Forde,1.0002716647058758,1930,Walter Forde,Walter Forde
61,32,63,43,61,32,tt0154268,5.8,5.6999999999999975,Buster se marie,20,1931,Higher,Claude Autant-Lara,1.0010866588235032,1930,Claude Autant-Lara,Claude Autant-Lara
62,31,62,31,62,31,tt0022296,5.7,5.4,Rebound,123,1931,Higher,Edward H. Griffith,1.0066829517645457,1930,Edward H. Griffith,Edward H. Griffith
63,43,61,32,63,43,tt0130621,7.0,7.1,Diggers in Blighty,7,1933,Lower,Raymond Longford,1.0003803305882262,1930,Raymond Longford,Raymond Longford
64,41,72,33,64,41,tt0023285,5.8,6.85,Number 17,4401,1932,Lower,Alfred Hitchcock,1.239119274111906,1930,Alfred Hitchcock,Alfred Hitchcock
65,40,71,34,65,40,tt0027621,6.2,6.2,The First Baby,6,1936,Equal,Lewis Seiler,1.0003259976470509,1930,Lewis Seiler,Lewis Seiler
66,39,70,35,66,39,tt0023908,6.3,5.65,Cornered,11,1932,Higher,B. Reeves Eason,1.0005976623529271,1930,B. Reeves Eason,B. Reeves Eason
67,42,73,38,47,18,tt0031634,6.0,6.3,Me and My Pal,10,1939,Lower,Thomas Bentley,1.0005433294117516,1930,Thomas Bentley,Thomas Bentley
68,37,68,37,68,37,tt0027060,5.9,6.400000000000001,Super-Speed,14,1935,Lower,Lambert Hillyer,1.0007606611764523,1930,Lambert Hillyer,Lambert Hillyer
69,36,67,42,73,38,tt0020677,5.8,6.15,Behind the Make-Up,100,1930,Lower,Dorothy Arzner,1.0054332941175166,1930,Dorothy Arzner,Dorothy Arzner
70,35,66,39,70,35,tt0027051,6.2,5.675,Strange Wives,5,1934,Higher,Richard Thorpe,1.0002716647058758,1930,Richard Thorpe,Richard Thorpe
71,34,65,40,71,34,tt0028395,6.5,5.6,Too Many Parents,53,1936,Higher,Robert F. McGowan,1.0028796458822835,1930,Robert F. McGowan,Robert F. McGowan
72,33,64,41,72,33,tt0020891,6.1,6.166666666666668,The Florodora Girl,1246,1930,Lower,Harry Beaumont,1.067698844704257,1930,Harry Beaumont,Harry Beaumont
73,38,47,18,58,29,tt0031309,7.8,7.05,La fin du jour,750,1939,Higher,Julien Duvivier,1.0407497058813746,1930,Julien Duvivier,Julien Duvivier
74,110,83,106,79,104,tt0034063,6.8,6.85,Her First Affair,99,1941,Lower,Henri Decoin,1.0053789611763415,1940,Henri Decoin,Henri Decoin
75,109,82,102,74,110,tt0039706,4.8,4.8,Pikku-Matti maailmalla,37,1947,Equal,Edvin Laine,1.0020103188234812,1940,Edvin Laine,Edvin Laine
76,108,81,111,84,112,tt0036016,6.9,6.95,Hoppy Serves a Writ,193,1943,Lower,George Archainbaud,1.010486257646807,1940,George Archainbaud,George Archainbaud
77,107,80,103,76,108,tt0041212,6.2,6.6,Bruce Gentry,40,1949,Lower,Spencer Gordon Bennet,1.002173317647007,1940,Spencer Gordon Bennet,Spencer Gordon Bennet
78,105,78,105,78,105,tt0041317,5.8,6.6999999999999975,Dreimal Komödie,13,1949,Lower,Viktor Tourjansky,1.0007063282352768,1940,Viktor Tourjansky,Viktor Tourjansky
79,104,77,107,80,103,tt0210814,7.0,6.6,Lone Texas Ranger,37,1945,Higher,Spencer Gordon Bennet,1.0020103188234812,1940,Spencer Gordon Bennet,Spencer Gordon Bennet
80,103,76,108,81,111,tt0035766,6.3,6.65,Crime Doctor,380,1943,Lower,Michael Gordon,1.0206465176465631,1940,Michael Gordon,Michael Gordon
81,111,84,112,75,109,tt0036757,6.3,7.05,Destiny,129,1944,Lower,Julien Duvivier,1.0070089494115964,1940,Julien Duvivier,Julien Duvivier
82,102,74,110,83,106,tt0038715,6.0,5.666666666666668,Magnificent Doll,296,1946,Higher,Frank Borzage,1.0160825505878492,1940,Frank Borzage,Frank Borzage
83,106,79,104,77,107,tt0039108,6.7,5.8000000000000025,Wild West,64,1946,Higher,Robert Emmett Tansey,1.0034773082352106,1940,Robert Emmett Tansey,Robert Emmett Tansey
84,112,75,109,82,102,tt0039730,6.6,5.6999999999999975,The Pretender,306,1947,Higher,W. Lee Wilder,1.0166258799996009,1940,W. Lee Wilder,W. Lee Wilder
85,119,92,121,94,123,tt0138679,4.8,4.8,Onnen-Pekka,33,1948,Equal,Edvin Laine,1.0017929870587805,1940,Edvin Laine,Edvin Laine
86,114,87,115,88,116,tt0041800,7.2,7.85,Rendezvous in July,341,1949,Lower,Jacques Becker,1.0185275329407315,1940,Jacques Becker,Jacques Becker
87,115,88,116,89,117,tt0041390,7.3,5.633333333333333,Die Freunde meiner Frau,21,1949,Higher,Hans Deppe,1.0011409917646783,1940,Hans Deppe,Hans Deppe
88,116,89,117,90,118,tt0038375,7.2,6.400000000000001,Border Bandits,11,1946,Higher,Lambert Hillyer,1.0005976623529271,1940,Lambert Hillyer,Lambert Hillyer
89,117,90,118,91,120,tt0039678,6.3,6.466666666666666,On the Old Spanish Trail,142,1947,Lower,William Witney,1.0077152776468736,1940,William Witney,William Witney
90,118,91,120,93,122,tt0037567,7.1,6.85,Circus Cavalcade,75,1945,Higher,Mario Soffici,1.0040749705881375,1940,Mario Soffici,Mario Soffici
91,120,93,122,95,124,tt0037931,7.1,5.85,"Murder, He Says",1652,1945,Higher,George Marshall,1.0897580188213745,1940,George Marshall,George Marshall
92,121,94,123,96,101,tt0037340,5.8,5.9,Take It Big,13,1944,Lower,Frank McDonald,1.0007063282352768,1940,Frank McDonald,Frank McDonald
93,122,95,124,86,114,tt0129982,5.9,6.400000000000001,Hands Across the Rockies,65,1941,Lower,Lambert Hillyer,1.0035316411763855,1940,Lambert Hillyer,Lambert Hillyer
94,123,96,101,99,85,tt0038555,7.5,6.400000000000001,The Gentleman from Texas,13,1946,Higher,Lambert Hillyer,1.0007063282352768,1940,Lambert Hillyer,Lambert Hillyer
95,124,86,114,87,115,tt0037472,5.7,5.300000000000002,The Yellow Rose of Texas,159,1944,Higher,Joseph Kane,1.0086389376468514,1940,Joseph Kane,Joseph Kane
96,101,99,85,119,92,tt0036400,6.8,7.466666666666666,Sanshiro Sugata,4309,1943,Lower,Akira Kurosawa,1.2341206435237906,1940,Akira Kurosawa,Akira Kurosawa
97,113,97,113,97,113,tt0037441,5.3,6.25,Voodoo Man,797,1944,Lower,William Beaudine,1.0433033541166077,1940,William Beaudine,William Beaudine
98,100,98,100,98,100,tt0035863,5.7,6.2,False Faces,15,1943,Lower,George Sherman,1.0008149941176274,1940,George Sherman,George Sherman
99,85,119,92,121,94,tt0037518,6.0,5.8000000000000025,Apology for Murder,219,1945,Higher,Sam Newfield,1.011898914117361,1940,Sam Newfield,Sam Newfield
100,98,100,98,100,98,tt0040730,6.1,5.9499999999999975,The Return of October,173,1948,Higher,Joseph H. Lewis,1.0093995988233038,1940,Joseph H. Lewis,Joseph H. Lewis
101,99,85,119,92,121,tt0039421,5.9,5.8000000000000025,The Ghosts of Berkeley Square,264,1947,Higher,Vernon Sewell,1.0143438964702438,1940,Vernon Sewell,Vernon Sewell
102,74,110,83,106,79,tt0033317,7.3,6.6083333333333325,Adventures of Captain Marvel,1100,1941,Higher,William Witney/John English,1.0597662352926829,1940,William Witney/John English,William Witney/John English
103,76,108,81,111,84,tt0035207,6.2,6.400000000000001,Prairie Gunsmoke,9,1942,Lower,Lambert Hillyer,1.0004889964705763,1940,Lambert Hillyer,Lambert Hillyer
104,77,107,80,103,76,tt0034551,6.0,6.1,Brooklyn Orchid,83,1942,Lower,Kurt Neumann,1.0045096341175388,1940,Kurt Neumann,Kurt Neumann
105,78,105,78,105,78,tt0035783,6.2,6.75,Dead Man's Gulch,30,1943,Lower,John English,1.001629988235255,1940,John English,John English
106,79,104,77,107,80,tt0040409,6.0,5.9,Gun Smugglers,107,1948,Higher,Frank McDonald,1.0058136247057428,1940,Frank McDonald,Frank McDonald
107,80,103,76,108,81,tt0040473,6.3,6.62,An Innocent Affair,236,1948,Lower,Lloyd Bacon,1.0128225741173391,1940,Lloyd Bacon,Lloyd Bacon
108,81,111,84,112,75,tt0036183,5.6,5.85,My Kingdom for a Cook,105,1943,Lower,Richard Wallace,1.0057049588233924,1940,Richard Wallace,Richard Wallace
109,82,102,74,110,83,tt0036755,6.0,6.35,The Desert Song,232,1943,Lower,Robert Florey,1.0126052423526386,1940,Robert Florey,Robert Florey
110,83,106,79,104,77,tt0033394,5.9,5.8000000000000025,Billy the Kid's Range War,60,1941,Higher,Sam Newfield,1.0032599764705101,1940,Sam Newfield,Sam Newfield
111,84,112,75,109,82,tt0035419,6.6,5.675,Tarzan's New York Adventure,3060,1942,Higher,Richard Thorpe,1.166258799996008,1940,Richard Thorpe,Richard Thorpe
112,75,109,82,102,74,tt0035778,7.0,5.8000000000000025,Danger! Women at Work,43,1943,Higher,Sam Newfield,1.002336316470532,1940,Sam Newfield,Sam Newfield
113,97,113,97,113,97,tt0041093,6.1,5.85,Adventure in Baltimore,404,1949,Higher,Richard Wallace,1.021950508234767,1940,Richard Wallace,Richard Wallace
114,87,115,88,116,89,tt0038270,5.4,6.174999999999999,Zombies on Broadway,713,1945,Lower,Gordon Douglas,1.0387393870578934,1940,Gordon Douglas,Gordon Douglas
115,88,116,89,117,90,tt0035908,5.3,5.8000000000000025,Fugitive of the Plains,69,1943,Lower,Sam Newfield,1.0037489729410864,1940,Sam Newfield,Sam Newfield
116,89,117,90,118,91,tt0038472,7.0,6.95,The Devil's Playground,135,1946,Higher,George Archainbaud,1.0073349470586477,1940,George Archainbaud,George Archainbaud
117,90,118,91,120,93,tt0041622,6.6,5.675,Malaya,1086,1949,Higher,Richard Thorpe,1.0590055741162303,1940,Richard Thorpe,Richard Thorpe
118,91,120,93,122,95,tt0039500,6.6,6.65,It Had to Be You,626,1947,Lower,Rudolph Maté,1.034012421175654,1940,Rudolph Maté,Rudolph Maté
119,92,121,94,123,96,tt0039871,7.2,7.466666666666666,One Wonderful Sunday,2710,1947,Lower,Akira Kurosawa,1.1472422705846999,1940,Akira Kurosawa,Akira Kurosawa
120,93,122,95,124,86,tt0037326,6.6,6.62,Sunday Dinner for a Soldier,282,1944,Lower,Lloyd Bacon,1.015321889411397,1940,Lloyd Bacon,Lloyd Bacon
121,94,123,96,101,99,tt0036181,5.0,5.65,Murder on the Waterfront,51,1943,Lower,B. Reeves Eason,1.0027709799999334,1940,B. Reeves Eason,B. Reeves Eason
122,95,124,86,114,87,tt0179667,7.2,7.0500000000000025,El barchante Neguib,36,1946,Higher,Joaquín Pardavé,1.001955985882306,1940,Joaquín Pardavé,Joaquín Pardavé
123,96,101,99,85,119,tt0039342,6.1,6.1999999999999975,The Two Orphans,118,1947,Lower,Mario Mattoli,1.0064112870586697,1940,Mario Mattoli,Mario Mattoli
124,86,114,87,115,88,tt0042515,6.7,5.95,Good-Time Girl,317,1948,Higher,David MacDonald,1.0172235423525275,1940,David MacDonald,David MacDonald
125,185,132,184,133,188,tt0044837,8.1,8.149999999999999,Limelight,17966,1952,Lower,Charles Chaplin,1.9761456211530335,1950,Charles Chaplin,Charles Chaplin
126,186,131,191,125,185,tt0044408,6.2,6.35,The Belle of New York,830,1952,Lower,Charles Walters,1.0450963411753875,1950,Charles Walters,Charles Walters
127,187,129,189,127,187,tt0045531,5.8,6.4,Back to God's Country,176,1953,Lower,Joseph Pevney,1.0095625976468292,1950,Joseph Pevney,Joseph Pevney
128,173,144,193,134,192,tt0044207,6.7,6.65,When Worlds Collide,7139,1951,Higher,Rudolph Maté,1.3878828670495107,1950,Rudolph Maté,Rudolph Maté
129,189,127,187,129,189,tt0051140,5.0,5.633333333333333,Beneath the Palms on the Blue Sea,28,1957,Lower,Hans Deppe,1.0015213223529047,1950,Hans Deppe,Hans Deppe
130,190,126,186,131,191,tt0049229,5.7,5.65,Francis in the Haunted House,243,1956,Higher,Charles Lamont,1.0132029047055653,1950,Charles Lamont,Charles Lamont
131,191,125,185,132,184,tt0044036,6.1,6.2,Silver City,247,1951,Lower,Byron Haskin,1.013420236470266,1950,Byron Haskin,Byron Haskin
132,184,133,188,128,173,tt0043424,6.9,6.174999999999999,Come Fill the Cup,413,1951,Higher,Gordon Douglas,1.0224395047053436,1950,Gordon Douglas,Gordon Douglas
133,188,128,173,144,193,tt0356027,6.2,6.1,Beach of the Secrets,33,1958,Higher,Atef Salem,1.0017929870587805,1950,Atef Salem,Atef Salem
134,192,170,171,160,205,tt0045274,8.2,7.8,Umberto D.,22675,1952,Higher,Vittorio De Sica,2.23199944114689,1950,Vittorio De Sica,Vittorio De Sica
135,178,139,179,138,180,tt0049730,7.9,6.65,The Searchers,79454,1956,Higher,John Ford,5.3169695081316455,1950,John Ford,John Ford
136,182,145,183,135,178,tt0042597,4.9,5.2,The Fighting Men,21,1950,Lower,Camillo Mastrocinque,1.0011409917646783,1950,Camillo Mastrocinque,Camillo Mastrocinque
137,181,136,182,145,183,tt0045521,5.5,5.2,Attanasio cavallo vanesio,6,1953,Higher,Camillo Mastrocinque,1.0003259976470509,1950,Camillo Mastrocinque,Camillo Mastrocinque
138,180,137,181,136,182,tt0052036,6.9,6.3000000000000025,The Eighth Day of the Week,114,1958,Higher,Aleksander Ford,1.0061939552939692,1950,Aleksander Ford,Aleksander Ford
139,179,138,180,137,181,tt0042341,5.4,6.9,The Count of Saint Elmo,11,1951,Lower,Guido Brignone,1.0005976623529271,1950,Guido Brignone,Guido Brignone
140,177,140,177,140,177,tt0043824,6.5,7.2,A Woman Without Love,718,1952,Lower,Luis Buñuel,1.0390110517637692,1950,Luis Buñuel,Luis Buñuel
141,176,141,176,141,176,tt0044389,5.0,5.2,Babes in Bagdad,79,1952,Lower,Edgar G. Ulmer,1.004292302352838,1950,Edgar G. Ulmer,Edgar G. Ulmer
142,175,142,175,142,175,tt0042899,6.8,6.75,Rocky Mountain,906,1950,Higher,William Keighley,1.0492256447047004,1950,William Keighley,William Keighley
143,174,143,174,143,174,tt0046672,7.2,7.4,"20,000 Leagues Under the Sea",29025,1954,Lower,Richard Fleischer,2.577013617609196,1950,Richard Fleischer,Richard Fleischer
144,193,134,192,170,171,tt0044419,7.0,6.7,The Big Sky,3852,1952,Higher,Howard Hawks,1.2092904894067398,1950,Howard Hawks,Howard Hawks
145,183,135,178,139,179,tt0051717,7.6,6.6999999999999975,Herz ohne Gnade,22,1958,Higher,Viktor Tourjansky,1.0011953247058536,1950,Viktor Tourjansky,Viktor Tourjansky
146,194,146,194,146,194,tt0046677,5.9,5.366666666666667,Accadde al commissariato,141,1954,Higher,Giorgio Simonelli,1.0076609447056983,1950,Giorgio Simonelli,Giorgio Simonelli
147,206,164,201,165,200,tt0242643,4.4,5.5,Las manzanas de Dorotea,5,1957,Lower,Raúl de Anda,1.0002716647058758,1950,Raúl de Anda,Raúl de Anda
148,196,148,196,148,196,tt0144620,4.8,5.6999999999999975,Spy in the Sky!,31,1958,Lower,W. Lee Wilder,1.00168432117643,1950,W. Lee Wilder,W. Lee Wilder
149,172,169,207,157,209,tt0180852,6.6,5.5,Una mujer decente,17,1950,Higher,Raúl de Anda,1.0009236599999778,1950,Raúl de Anda,Raúl de Anda
150,216,149,172,169,207,tt0043738,5.5,5.05,Der letzte Schuß,15,1951,Higher,Franz Seitz,1.0008149941176274,1950,Franz Seitz,Franz Seitz
151,215,158,195,130,190,tt0045302,6.9,6.85,The Truth About Bebe Donge,519,1952,Higher,Henri Decoin,1.0281987964699109,1950,Henri Decoin,Henri Decoin
152,214,150,216,149,172,tt0048307,7.1,6.616666666666667,Lo que le pasó a Sansón,56,1955,Higher,Gilberto Martínez Solares,1.0030426447058094,1950,Gilberto Martínez Solares,Gilberto Martínez Solares
153,213,151,215,158,195,tt0262320,7.3,6.35,Camino del infierno,26,1951,Higher,Miguel Morayta,1.0014126564705543,1950,Miguel Morayta,Miguel Morayta
154,212,152,214,150,216,tt0047599,6.3,6.1999999999999975,Totò cerca pace,90,1954,Higher,Mario Mattoli,1.004889964705765,1950,Mario Mattoli,Mario Mattoli
155,211,153,213,151,215,tt0053219,5.8,5.966666666666666,Return of the Fly,4216,1959,Lower,Edward Bernds,1.2290676799945002,1950,Edward Bernds,Edward Bernds
156,210,154,212,152,214,tt0047422,6.6,5.85,River of No Return,10389,1954,Higher,Otto Preminger,1.5644649258688004,1950,Otto Preminger,Otto Preminger
157,209,155,211,153,213,tt0046802,6.2,5.966666666666666,The Bowery Boys Meet the Monsters,596,1954,Higher,Edward Bernds,1.032382432940399,1950,Edward Bernds,Edward Bernds
158,195,130,190,126,186,tt0136500,6.0,5.95,The Prize,62,1950,Higher,Jean Boyer,1.0033686423528605,1950,Jean Boyer,Jean Boyer
159,208,156,210,154,212,tt0048087,7.0,5.7666666666666675,Footsteps in the Fog,1654,1955,Higher,Arthur Lubin,1.0898666847037246,1950,Arthur Lubin,Arthur Lubin
160,205,159,208,156,210,tt0045256,5.2,5.95,Tread Softly,78,1952,Lower,David MacDonald,1.004237969411663,1950,David MacDonald,David MacDonald
161,204,161,204,161,204,tt0051781,6.6,6.6,Intent to Kill,247,1958,Equal,Jack Cardiff,1.013420236470266,1950,Jack Cardiff,Jack Cardiff
162,203,162,203,162,203,tt0051779,7.0,6.75,The Tenant,95,1958,Higher,José Antonio Nieves Conde,1.0051616294116408,1950,José Antonio Nieves Conde,José Antonio Nieves Conde
163,202,163,202,163,202,tt0044705,6.2,6.1,Hiawatha,67,1952,Higher,Kurt Neumann,1.0036403070587359,1950,Kurt Neumann,Kurt Neumann
164,201,165,200,166,199,tt0045137,6.9,6.75,Sword for Hire,103,1952,Higher,Hiroshi Inagaki,1.005596292941042,1950,Hiroshi Inagaki,Hiroshi Inagaki
165,200,166,199,167,198,tt0051042,5.9,5.6,Sønnen fra Amerika,121,1957,Higher,Jon Iversen,1.0065742858821949,1950,Jon Iversen,Jon Iversen
166,199,167,198,168,197,tt0276498,6.6,5.98,Una señora movida,10,1959,Higher,René Cardona,1.0005433294117516,1950,René Cardona,René Cardona
167,198,168,197,147,206,tt0044079,7.9,6.85,Strangers on a Train,122395,1951,Higher,Alfred Hitchcock,7.650080335134453,1950,Alfred Hitchcock,Alfred Hitchcock
168,197,147,206,164,201,tt0052582,6.7,5.0,As the Sea Rages,18,1959,Higher,Horst Hächler,1.0009779929411529,1950,Horst Hächler,Horst Hächler
169,207,157,209,155,211,tt0049839,7.4,7.8,The Roof,579,1956,Lower,Vittorio De Sica,1.0314587729404212,1950,Vittorio De Sica,Vittorio De Sica
170,171,160,205,159,208,tt0044595,6.4,6.0500000000000025,Erkel,22,1952,Higher,Márton Keleti,1.0011953247058536,1950,Márton Keleti,Márton Keleti
171,160,205,159,208,156,tt0214710,6.9,7.0500000000000025,El gendarme de la esquina,10,1951,Lower,Joaquín Pardavé,1.0005433294117516,1950,Joaquín Pardavé,Joaquín Pardavé
172,169,207,157,209,155,tt0053123,5.6,5.366666666666667,Noi siamo due evasi,16,1959,Higher,Giorgio Simonelli,1.0008693270588027,1950,Giorgio Simonelli,Giorgio Simonelli
173,144,193,134,192,170,tt0043440,8.4,6.9,The Naked and the Wicked,25,1951,Higher,Guido Brignone,1.0013583235293793,1950,Guido Brignone,Guido Brignone
174,143,174,143,174,143,tt0212164,5.7,5.8000000000000025,The Floating Dutchman,75,1952,Lower,Vernon Sewell,1.0040749705881375,1950,Vernon Sewell,Vernon Sewell
175,142,175,142,175,142,tt0053117,6.6,6.75,The Three Treasures,231,1959,Lower,Hiroshi Inagaki,1.0125509094114633,1950,Hiroshi Inagaki,Hiroshi Inagaki
176,141,176,141,176,141,tt0121281,6.6,6.75,Fiesta en el corazón,7,1958,Lower,Jaime Salvador,1.0003803305882262,1950,Jaime Salvador,Jaime Salvador
177,140,177,140,177,140,tt0196537,5.5,6.1,Love... In Instalments,12,1959,Lower,Stelios Tatasopoulos,1.000651995294102,1950,Stelios Tatasopoulos,Stelios Tatasopoulos
178,139,179,138,180,137,tt0201548,6.6,6.8,El crimen de Oribe,50,1950,Lower,Leopoldo Torre Nilsson,1.0027166470587583,1950,Leopoldo Torre Nilsson,Leopoldo Torre Nilsson
179,138,180,137,181,136,tt0052967,4.6,5.633333333333333,Kein Mann zum Heiraten,23,1959,Lower,Hans Deppe,1.0012496576470291,1950,Hans Deppe,Hans Deppe
180,137,181,136,182,145,tt0140364,6.3,7.0,Marie of the Isles,18,1959,Lower,Georges Combret,1.0009779929411529,1950,Georges Combret,Georges Combret
181,136,182,145,183,135,tt0049745,5.8,5.9499999999999975,7th Cavalry,1034,1956,Lower,Joseph H. Lewis,1.0561802611751216,1950,Joseph H. Lewis,Joseph H. Lewis
182,145,183,135,178,139,tt0197952,5.7,6.5,The Time of His Life,61,1955,Lower,Leslie S. Hiscott,1.0033143094116852,1950,Leslie S. Hiscott,Leslie S. Hiscott
183,135,178,139,179,138,tt0051204,7.2,6.75,Woman in a Dressing Gown,434,1957,Higher,J. Lee Thompson,1.023580496470022,1950,J. Lee Thompson,J. Lee Thompson
184,133,188,128,173,144,tt0046719,6.4,6.0500000000000025,Apache,3940,1954,Higher,Robert Aldrich,1.2140717882301544,1950,Robert Aldrich,Robert Aldrich
185,132,184,133,188,128,tt0051051,7.0,6.4,Tammy and the Bachelor,2167,1957,Higher,Joseph Pevney,1.1177394835265848,1950,Joseph Pevney,Joseph Pevney
186,131,191,125,185,132,tt0146266,7.5,7.7,Seema,98,1955,Lower,Amiya Chakrabarty,1.0053246282351662,1950,Amiya Chakrabarty,Amiya Chakrabarty
187,129,189,127,187,129,tt0050192,6.3,6.174999999999999,The Big Land,458,1957,Higher,Gordon Douglas,1.024884487058226,1950,Gordon Douglas,Gordon Douglas
188,128,173,144,193,134,tt0252888,5.8,5.3,Open Sea,15,1954,Higher,Tasos Meletopoulos,1.0008149941176274,1950,Tasos Meletopoulos,Tasos Meletopoulos
189,127,187,129,189,127,tt0048262,5.7,5.7,Kiss of Fire,115,1955,Equal,Joseph M. Newman,1.006248288235144,1950,Joseph M. Newman,Joseph M. Newman
190,126,186,131,191,125,tt0274985,5.1,5.98,Las tres pelonas,7,1958,Lower,René Cardona,1.0003803305882262,1950,René Cardona,René Cardona
191,125,185,132,184,133,tt0047661,7.5,6.616666666666667,The Count of Monte Cristo,58,1954,Higher,Gilberto Martínez Solares,1.0031513105881595,1950,Gilberto Martínez Solares,Gilberto Martínez Solares
192,170,171,160,205,159,tt0179494,7.2,6.9,Three Came Out of the Woods,25,1958,Higher,Konstantin Voinov,1.0013583235293793,1950,Konstantin Voinov,Konstantin Voinov
193,134,192,170,171,160,tt0045092,6.4,6.5,The Ringer,184,1952,Lower,Guy Hamilton,1.0099972611762305,1950,Guy Hamilton,Guy Hamilton
194,146,194,146,194,146,tt0200560,6.6,6.85,La dama del mar,7,1954,Lower,Mario Soffici,1.0003803305882262,1950,Mario Soffici,Mario Soffici
195,130,190,126,186,131,tt0052627,5.6,5.666666666666668,The Big Fisherman,346,1959,Lower,Frank Borzage,1.0187991976466075,1950,Frank Borzage,Frank Borzage
196,148,196,148,196,148,tt0161968,7.1,5.85,Mr. Photographer,263,1953,Higher,Miguel M. Delgado,1.0142895635290687,1950,Miguel M. Delgado,Miguel M. Delgado
197,147,206,164,201,165,tt0042763,6.3,6.75,Murder Without Crime,175,1950,Lower,J. Lee Thompson,1.009508264705654,1950,J. Lee Thompson,J. Lee Thompson
198,168,197,147,206,164,tt0045888,7.1,6.166666666666668,House of Wax,16141,1953,Higher,André De Toth,1.876988003508356,1950,André De Toth,André De Toth
199,167,198,168,197,147,tt0044828,6.4,6.166666666666668,Last of the Comanches,648,1953,Higher,André De Toth,1.0352077458815077,1950,André De Toth,André De Toth
200,166,199,167,198,168,tt0177617,4.9,5.8000000000000025,Cattle Queen,24,1951,Lower,Robert Emmett Tansey,1.0013039905882042,1950,Robert Emmett Tansey,Robert Emmett Tansey
201,165,200,166,199,167,tt0242434,5.4,6.35,"Ella, Lucifer y yo",16,1953,Lower,Miguel Morayta,1.0008693270588027,1950,Miguel Morayta,Miguel Morayta
202,163,202,163,202,163,tt0159659,7.7,7.0,The Drunkard,9,1953,Higher,Georges Combret,1.0004889964705763,1950,Georges Combret,Georges Combret
203,162,203,162,203,162,tt0045652,6.2,6.95,Count the Hours!,456,1953,Lower,Don Siegel,1.0247758211758755,1950,Don Siegel,Don Siegel
204,161,204,161,204,161,tt0044884,6.1,6.174999999999999,Mara Maru,423,1952,Lower,Gordon Douglas,1.0229828341170952,1950,Gordon Douglas,Gordon Douglas
205,159,208,156,210,154,tt0048470,5.9,6.2,Passage Home,156,1955,Lower,Roy Ward Baker,1.008475938823326,1950,Roy Ward Baker,Roy Ward Baker
206,164,201,165,200,166,tt0041119,4.6,5.366666666666667,Love and Poison,5,1950,Lower,Giorgio Simonelli,1.0002716647058758,1950,Giorgio Simonelli,Giorgio Simonelli
207,157,209,155,211,153,tt0046532,5.9,6.2,War Arrow,703,1953,Lower,George Sherman,1.0381960576461418,1950,George Sherman,George Sherman
208,156,210,154,212,152,tt0053338,5.7,6.0500000000000025,Yesterday,14,1959,Lower,Márton Keleti,1.0007606611764523,1950,Márton Keleti,Márton Keleti
209,155,211,153,213,151,tt0158074,7.9,7.7,Patita,58,1953,Higher,Amiya Chakrabarty,1.0031513105881595,1950,Amiya Chakrabarty,Amiya Chakrabarty
210,154,212,152,214,150,tt0157949,5.9,5.95,La Madelon,27,1955,Lower,Jean Boyer,1.0014669894117294,1950,Jean Boyer,Jean Boyer
211,153,213,151,215,158,tt0329251,6.1,6.333333333333332,Kadin severse,12,1955,Lower,Atif Yilmaz,1.000651995294102,1950,Atif Yilmaz,Atif Yilmaz
212,152,214,150,216,149,tt0231927,6.2,6.15,The Girl of the Neighbourhood,17,1954,Higher,Maria Plyta,1.0009236599999778,1950,Maria Plyta,Maria Plyta
213,151,215,158,195,130,tt0271428,6.3,5.85,Los chiflados del rock and roll,14,1957,Higher,José Díaz Morales,1.0007606611764523,1950,José Díaz Morales,José Díaz Morales
214,150,216,149,172,169,tt0051017,6.6,6.5,Stowaway Girl,93,1957,Higher,Guy Hamilton,1.0050529635292904,1950,Guy Hamilton,Guy Hamilton
215,158,195,130,190,126,tt0049851,4.9,5.300000000000002,Thunder Over Arizona,118,1956,Lower,Joseph Kane,1.0064112870586697,1950,Joseph Kane,Joseph Kane
216,149,172,169,207,157,tt0048452,8.3,7.300000000000002,Ordet,13854,1955,Higher,Carl Theodor Dreyer,1.7527285670407509,1950,Carl Theodor Dreyer,Carl Theodor Dreyer
217,265,229,253,250,251,tt0254372,6.3,6.6,Hamrahi,28,1963,Lower,T. Prakash Rao,1.0015213223529047,1960,T. Prakash Rao,T. Prakash Rao
218,264,228,254,217,265,tt0061207,6.6,5.1,Yngsjömordet,127,1966,Higher,Arne Mattsson,1.006900283529246,1960,Arne Mattsson,Arne Mattsson
219,263,227,266,230,259,tt0060048,5.8,6.466666666666666,40 Guns to Apache Pass,842,1967,Lower,William Witney,1.0457483364694895,1960,William Witney,William Witney
220,262,226,255,218,264,tt0420713,6.9,6.6,Kenjû burai-chô: Nukiuchi no Ryû,19,1960,Higher,Hiroshi Noguchi,1.0010323258823282,1960,Hiroshi Noguchi,Hiroshi Noguchi
221,261,225,257,220,262,tt0062472,6.9,6.2,The War Wagon,8679,1967,Higher,Burt Kennedy,1.4715555964592664,1960,Burt Kennedy,Burt Kennedy
222,260,223,256,219,263,tt0055210,6.8,5.75,Das Mädchen und der Staatsanwalt,27,1962,Higher,Jürgen Goslar,1.0014669894117294,1960,Jürgen Goslar,Jürgen Goslar
223,256,219,263,227,266,tt0063690,5.2,5.35,A Thousand Pleasures,132,1968,Lower,Michael Findlay,1.007171948235122,1960,Michael Findlay,Michael Findlay
224,258,221,261,225,257,tt0429513,5.9,5.933333333333334,Aci günler,14,1967,Lower,Ertem Göreç,1.0007606611764523,1960,Ertem Göreç,Ertem Göreç
225,257,220,262,226,255,tt0061762,4.6,5.4499999999999975,Glorious Times in the Spessart,166,1967,Lower,Kurt Hoffmann,1.0090192682350776,1960,Kurt Hoffmann,Kurt Hoffmann
226,255,218,264,228,254,tt0063084,7.8,7.5,The Hour of the Furnaces,932,1968,Higher,Fernando E. Solanas,1.0506383011752547,1960,Fernando E. Solanas,Fernando E. Solanas
227,266,230,259,222,260,tt0054641,5.4,5.433333333333334,Journey Beneath the Desert,110,1961,Lower,Edgar G. Ulmer/Frank Borzage,1.0059766235292682,1960,Edgar G. Ulmer/Frank Borzage,Edgar G. Ulmer/Frank Borzage
228,254,217,265,229,253,tt0064764,7.1,6.75,Devil's Temple,123,1969,Higher,Kenji Misumi,1.0066829517645457,1960,Kenji Misumi,Kenji Misumi
229,253,250,251,246,272,tt0059932,5.9,5.85,Young Fury,143,1964,Higher,Christian Nyby,1.0077696105880487,1960,Christian Nyby,Christian Nyby
230,259,222,260,223,256,tt0060423,6.9,6.066666666666666,Fortuna,7,1966,Higher,Menahem Golan,1.0003803305882262,1960,Menahem Golan,Menahem Golan
231,267,231,267,231,267,tt0057154,6.6,5.433333333333334,La hora incógnita,99,1964,Higher,Mariano Ozores,1.0053789611763415,1960,Mariano Ozores,Mariano Ozores
232,277,243,275,242,276,tt0410576,6.3,5.3,Kartallarin öcü: Severek ölenler..,9,1965,Higher,Osman F. Seden,1.0004889964705763,1960,Osman F. Seden,Osman F. Seden
233,269,233,269,233,269,tt0133892,4.3,5.05,Kertokaa se hänelle...,33,1961,Lower,Åke Lindman,1.0017929870587805,1960,Åke Lindman,Åke Lindman
234,284,240,279,238,281,tt0058017,6.0,5.75,The Flying Saucer,220,1964,Higher,Tinto Brass,1.0119532470585366,1960,Tinto Brass,Tinto Brass
235,252,249,268,224,258,tt0063565,6.3,4.95,The Unnaturals,188,1969,Higher,Antonio Margheriti,1.0102145929409312,1960,Antonio Margheriti,Antonio Margheriti
236,283,234,284,240,279,tt0057630,6.6,7.1999999999999975,Uso,8,1963,Lower,Yasuzô Masumura,1.0004346635294012,1960,Yasuzô Masumura,Yasuzô Masumura
237,282,235,252,249,268,tt0054874,7.0,6.2,The Fiercest Heart,50,1961,Higher,George Sherman,1.0027166470587583,1960,George Sherman,George Sherman
238,281,236,283,234,284,tt0058662,6.5,6.616666666666667,Tintansón CruZoe,33,1965,Lower,Gilberto Martínez Solares,1.0017929870587805,1960,Gilberto Martínez Solares,Gilberto Martínez Solares
239,280,237,282,235,252,tt0413348,6.7,6.333333333333332,The Crownless King,240,1965,Higher,Atif Yilmaz,1.0130399058820398,1960,Atif Yilmaz,Atif Yilmaz
240,279,238,281,236,283,tt0056930,7.2,6.2,A Child Is Waiting,2490,1963,Higher,John Cassavetes,1.1352890235261637,1960,John Cassavetes,John Cassavetes
241,278,239,280,237,282,tt1167868,6.3,6.6,Cat Girls Gamblers: Abandoned Fangs of Triumph,41,1966,Lower,Hiroshi Noguchi,1.0022276505881818,1960,Hiroshi Noguchi,Hiroshi Noguchi
242,276,241,278,239,280,tt0203613,6.7,6.5500000000000025,Kasr El Shawk,111,1967,Higher,Hasan El-Emam,1.0060309564704435,1960,Hasan El-Emam,Hasan El-Emam
243,275,242,276,241,278,tt0236833,5.8,5.55,Vana,6,1965,Higher,Nikos Avrameas,1.0003259976470509,1960,Nikos Avrameas,Nikos Avrameas
244,274,244,274,244,274,tt0184446,8.2,7.1999999999999975,Esse Rio Que Eu Amo,9,1962,Higher,Carlos Hugo Christensen,1.0004889964705763,1960,Carlos Hugo Christensen,Carlos Hugo Christensen
245,273,245,273,245,273,tt0054918,5.7,5.7,The George Raft Story,235,1961,Equal,Joseph M. Newman,1.012768241176164,1960,Joseph M. Newman,Joseph M. Newman
246,272,247,271,232,277,tt0059276,6.3,5.4499999999999975,Hokuspokus oder: Wie lasse ich meinen Mann verschwinden...?,144,1966,Higher,Kurt Hoffmann,1.007823943529224,1960,Kurt Hoffmann,Kurt Hoffmann
247,271,232,277,243,275,tt0057565,8.4,7.466666666666666,High and Low,33046,1963,Higher,Akira Kurosawa,2.7954863740745384,1960,Akira Kurosawa,Akira Kurosawa
248,270,248,270,248,270,tt0280513,6.5,6.566666666666666,'Campeón del barrio' (Su última canción),17,1964,Lower,Rafael Baledón,1.0009236599999778,1960,Rafael Baledón,Rafael Baledón
249,268,224,258,221,261,tt0054407,8.5,7.85,Le Trou,15120,1960,Higher,Jacques Becker,1.8215140705685111,1960,Jacques Becker,Jacques Becker
250,251,246,272,247,271,tt0055128,6.5,6.566666666666666,The Curse of the Crying Woman,560,1963,Lower,Rafael Baledón,1.030426447058093,1960,Rafael Baledón,Rafael Baledón
251,246,272,247,271,232,tt0135316,5.5,5.35,The Curse of Her Flesh,191,1968,Higher,Michael Findlay,1.0103775917644566,1960,Michael Findlay,Michael Findlay
252,249,268,224,258,221,tt0064356,8.0,7.3,The Cow,6206,1969,Higher,Dariush Mehrjui,1.3371902329330807,1960,Dariush Mehrjui,Dariush Mehrjui
253,250,251,246,272,247,tt0063227,7.9,6.1,The Lion in Winter,28709,1968,Higher,Anthony Harvey,2.559844408197842,1960,Anthony Harvey,Anthony Harvey
254,217,265,229,253,250,tt0061535,5.8,5.433333333333334,Crónica de nueve meses,45,1967,Higher,Mariano Ozores,1.0024449823528825,1960,Mariano Ozores,Mariano Ozores
255,218,264,228,254,217,tt0056580,5.9,5.966666666666666,The Three Stooges in Orbit,814,1962,Lower,Edward Bernds,1.0442270141165853,1960,Edward Bernds,Edward Bernds
256,219,263,227,266,230,tt0174100,5.2,6.1,Prostitutes Protective Society,66,1966,Lower,Barry Mahon,1.003585974117561,1960,Barry Mahon,Barry Mahon
257,220,262,226,255,218,tt0054444,7.3,6.616666666666667,El violetero,52,1960,Higher,Gilberto Martínez Solares,1.0028253129411089,1960,Gilberto Martínez Solares,Gilberto Martínez Solares
258,221,261,225,257,220,tt0231147,6.1,6.15,O aniforos,24,1964,Lower,Maria Plyta,1.0013039905882042,1960,Maria Plyta,Maria Plyta
259,222,260,223,256,219,tt0380475,5.7,6.5500000000000025,Kamikaze yarô,15,1966,Lower,Kinji Fukasaku,1.0008149941176274,1960,Kinji Fukasaku,Kinji Fukasaku
260,223,256,219,263,227,tt0061667,5.8,5.85,First to Fight,274,1967,Lower,Christian Nyby,1.0148872258819954,1960,Christian Nyby,Christian Nyby
261,225,257,220,262,226,tt0057329,7.0,6.65,"Move Over, Darling",5257,1963,Higher,Michael Gordon,1.285628271757848,1960,Michael Gordon,Michael Gordon
262,226,255,218,264,228,tt0252854,4.8,5.3,Allou ta kakarismata...,8,1960,Lower,Tasos Meletopoulos,1.0004346635294012,1960,Tasos Meletopoulos,Tasos Meletopoulos
263,227,266,230,259,222,tt0277395,6.9,6.75,Las tres coquetonas,7,1960,Higher,Jaime Salvador,1.0003803305882262,1960,Jaime Salvador,Jaime Salvador
264,228,254,217,265,229,tt0056651,6.0,5.35,People in Luck,183,1963,Higher,Jean Girault,1.0099429282350554,1960,Jean Girault,Jean Girault
265,229,253,250,251,246,tt0054188,6.5,6.35,Please Don't Eat the Daisies,3983,1960,Higher,Charles Walters,1.2164081047006865,1960,Charles Walters,Charles Walters
266,230,259,222,260,223,tt0056267,6.6,6.6,My Geisha,1290,1962,Equal,Jack Cardiff,1.0700894941159642,1960,Jack Cardiff,Jack Cardiff
267,231,267,231,267,231,tt0139820,7.8,7.1999999999999975,The Red Angel,1242,1966,Higher,Yasuzô Masumura,1.0674815129395565,1960,Yasuzô Masumura,Yasuzô Masumura
268,224,258,221,261,225,tt0282702,7.4,5.98,Lucio Vázquez,5,1968,Higher,René Cardona,1.0002716647058758,1960,René Cardona,René Cardona
269,233,269,233,269,233,tt0054330,3.6,4.95,Assignment: Outer Space,791,1960,Lower,Antonio Margheriti,1.0429773564695564,1960,Antonio Margheriti,Antonio Margheriti
270,248,270,248,270,248,tt0054260,5.6,5.6999999999999975,Les régates de San Francisco,7,1960,Lower,Claude Autant-Lara,1.0003803305882262,1960,Claude Autant-Lara,Claude Autant-Lara
271,232,277,243,275,242,tt0257835,4.2,5.6,Kathe kaimos kai dakry,16,1964,Lower,Odysseas Kosteletos,1.0008693270588027,1960,Odysseas Kosteletos,Odysseas Kosteletos
272,247,271,232,277,243,tt0063805,4.6,5.85,The Wicked Dreams of Paula Schultz,211,1968,Lower,George Marshall,1.01146425058796,1960,George Marshall,George Marshall
273,245,273,245,273,245,tt0058530,6.5,6.2,Robinson Crusoe on Mars,6107,1964,Higher,Byron Haskin,1.3318112717567392,1960,Byron Haskin,Byron Haskin
274,244,274,244,274,244,tt0056855,5.4,5.85,Baron Brakola,32,1967,Lower,José Díaz Morales,1.0017386541176052,1960,José Díaz Morales,José Díaz Morales
275,242,276,241,278,239,tt0054706,6.4,6.75,Buddha,52,1961,Lower,Kenji Misumi,1.0028253129411089,1960,Kenji Misumi,Kenji Misumi
276,241,278,239,280,237,tt0291153,6.2,6.333333333333332,Erkek Ali,24,1964,Lower,Atif Yilmaz,1.0013039905882042,1960,Atif Yilmaz,Atif Yilmaz
277,243,275,242,276,241,tt0060897,5.5,6.2,Return of the Seven,3738,1966,Lower,Burt Kennedy,1.2030965341127708,1960,Burt Kennedy,Burt Kennedy
278,239,280,237,282,235,tt0373882,6.0,6.1,The Naked Truth,16,1963,Lower,Atef Salem,1.0008693270588027,1960,Atef Salem,Atef Salem
279,238,281,236,283,234,tt0056210,7.7,7.1,Mafioso,2216,1962,Higher,Alberto Lattuada,1.120401797644168,1960,Alberto Lattuada,Alberto Lattuada
280,237,282,235,252,249,tt0063452,6.0,6.2,The Power,1407,1968,Lower,Byron Haskin,1.0764464482334586,1960,Byron Haskin,Byron Haskin
281,236,283,234,284,240,tt0056988,3.6,5.1,Det är hos mig han har varit,14,1963,Lower,Arne Mattsson,1.0007606611764523,1960,Arne Mattsson,Arne Mattsson
282,235,252,249,268,224,tt0122136,7.7,7.1,Black Cat,6284,1968,Higher,Kaneto Shindô,1.3414282023447437,1960,Kaneto Shindô,Kaneto Shindô
283,234,284,240,279,238,tt0062743,5.6,6.616666666666667,Blue Demon y las invasoras,32,1969,Lower,Gilberto Martínez Solares,1.0017386541176052,1960,Gilberto Martínez Solares,Gilberto Martínez Solares
284,240,279,238,281,236,tt0064337,6.3,6.566666666666667,The Flying Dagger,137,1969,Lower,Cheh Chang,1.0074436129409978,1960,Cheh Chang,Cheh Chang
285,338,301,340,286,333,tt0073637,5.1,5.85,Rosebud,699,1975,Lower,Otto Preminger,1.037978725881441,1970,Otto Preminger,Otto Preminger
286,333,290,334,289,335,tt0065628,3.9,5.433333333333334,Después de los nueve meses,20,1970,Lower,Mariano Ozores,1.0010866588235032,1970,Mariano Ozores,Mariano Ozores
287,337,285,338,301,340,tt0184758,6.2,7.1999999999999975,House of Shadows,46,1975,Lower,Carlos Hugo Christensen,1.0024993152940576,1970,Carlos Hugo Christensen,Carlos Hugo Christensen
288,336,287,337,285,338,tt0152492,7.5,6.7,Snooker,650,1975,Higher,Boaz Davidson,1.0353164117638578,1970,Boaz Davidson,Boaz Davidson
289,335,288,336,287,337,tt0253637,7.6,6.75,Sark Bülbülü,3706,1979,Higher,Kartal Tibet,1.2013578799951654,1970,Kartal Tibet,Kartal Tibet
290,334,289,335,288,336,tt0073026,6.3,6.3,Funny Lady,4934,1975,Equal,Herbert Ross,1.2680787317582696,1970,Herbert Ross,Herbert Ross
291,332,291,332,291,332,tt0068878,7.4,6.7666666666666675,Dragostea începe vineri,45,1974,Higher,Virgil Calotescu,1.0024449823528825,1970,Virgil Calotescu,Virgil Calotescu
292,325,298,324,299,339,tt0379596,7.5,7.2,Chto s toboy proiskhodit,8,1975,Higher,Vladimir Sarukhanov,1.0004346635294012,1970,Vladimir Sarukhanov,Vladimir Sarukhanov
293,330,293,330,293,330,tt0066999,7.7,6.95,Dirty Harry,142005,1971,Higher,Don Siegel,8.715549311579457,1970,Don Siegel,Don Siegel
294,329,294,329,294,329,tt0784146,6.4,6.5500000000000025,Watch Out for ZouZou,358,1972,Lower,Hasan El-Emam,1.0194511929407095,1970,Hasan El-Emam,Hasan El-Emam
295,328,295,328,295,328,tt0068600,5.7,6.3000000000000025,The First Circle,15,1973,Lower,Aleksander Ford,1.0008149941176274,1970,Aleksander Ford,Aleksander Ford
296,327,296,327,296,327,tt0075845,5.7,6.0500000000000025,The Choirboys,1476,1977,Lower,Robert Aldrich,1.080195421174545,1970,Robert Aldrich,Robert Aldrich
297,326,297,326,297,326,tt0198302,5.8,6.4499999999999975,"Love, Carnival and Dream",20,1973,Lower,Paulo César Saraceni,1.0010866588235032,1970,Paulo César Saraceni,Paulo César Saraceni
298,324,299,339,302,356,tt0069939,6.6,6.9,Dacha,70,1973,Lower,Konstantin Voinov,1.0038033058822615,1970,Konstantin Voinov,Konstantin Voinov
299,339,302,356,305,357,tt1342155,5.7,5.300000000000002,2 geile Hirsche auf der Flucht,25,1976,Higher,Alois Brummer,1.0013583235293793,1970,Alois Brummer,Alois Brummer
300,331,292,325,298,324,tt0265612,4.5,5.7666666666666675,Rain for a Dusty Summer,40,1971,Lower,Arthur Lubin,1.002173317647007,1970,Arthur Lubin,Arthur Lubin
301,340,286,333,290,334,tt0065641,5.4,6.1,Dionysus in '69,296,1970,Lower,Brian De Palma,1.0160825505878492,1970,Brian De Palma,Brian De Palma
302,356,305,357,312,349,tt4842640,5.6,5.75,Kanal,5,1975,Lower,Vladimir Bortko,1.0002716647058758,1970,Vladimir Bortko,Vladimir Bortko
303,342,319,341,304,323,tt0068468,5.1,6.033333333333334,Deep Throat,6331,1972,Lower,Gerard Damiano,1.3439818505799763,1970,Gerard Damiano,Gerard Damiano
304,323,300,331,292,325,tt0073279,5.6,6.066666666666666,Lepke,317,1975,Lower,Menahem Golan,1.0172235423525275,1970,Menahem Golan,Menahem Golan
305,357,312,349,315,346,tt0068605,6.2,6.566666666666667,Four Riders,150,1972,Lower,Cheh Chang,1.0081499411762749,1970,Cheh Chang,Cheh Chang
306,355,306,355,306,355,tt0075906,5.5,5.45,Follow the Star,48,1978,Higher,John Woo,1.002607981176408,1970,John Woo,John Woo
307,354,307,354,307,354,tt0076715,6.0,6.45,Silver Bears,834,1977,Lower,Ivan Passer,1.0453136729400885,1970,Ivan Passer,Ivan Passer
308,353,308,353,308,353,tt0313467,6.7,6.566666666666666,La pequeña señora de Perez,7,1972,Higher,Rafael Baledón,1.0003803305882262,1970,Rafael Baledón,Rafael Baledón
309,352,309,352,309,352,tt0337195,6.3,6.8,Si Doel Anak Modern,19,1976,Lower,Sjuman Djaya,1.0010323258823282,1970,Sjuman Djaya,Sjuman Djaya
310,351,310,351,310,351,tt0066730,7.6,7.4,10 Rillington Place,7474,1971,Higher,Richard Fleischer,1.406084402343191,1970,Richard Fleischer,Richard Fleischer
311,350,311,350,311,350,tt0076487,6.6,6.033333333333334,Odyssey: The Ultimate Trip,95,1977,Higher,Gerard Damiano,1.0051616294116408,1970,Gerard Damiano,Gerard Damiano
312,349,315,346,303,342,tt0174307,6.4,6.7666666666666675,Ultima noapte a singuratatii,12,1976,Lower,Virgil Calotescu,1.000651995294102,1970,Virgil Calotescu,Virgil Calotescu
313,348,313,348,313,348,tt0236593,5.3,5.55,I peripterou,6,1970,Lower,Nikos Avrameas,1.0003259976470509,1970,Nikos Avrameas,Nikos Avrameas
314,347,321,314,347,321,tt1552191,4.9,5.300000000000002,Der Junge mit der Tiefenschärfe,14,1977,Lower,Alois Brummer,1.0007606611764523,1970,Alois Brummer,Alois Brummer
315,346,303,342,319,341,tt0123654,4.6,5.25,Champagne Orgy,30,1978,Lower,Carlos Tobalina,1.001629988235255,1970,Carlos Tobalina,Carlos Tobalina
316,345,316,345,316,345,tt2771054,6.6,5.933333333333334,Siginti,10,1974,Higher,Ertem Göreç,1.0005433294117516,1970,Ertem Göreç,Ertem Göreç
317,344,317,344,317,344,tt0066887,5.4,5.98,Capulina contra los vampiros,55,1971,Lower,René Cardona,1.002988311764634,1970,René Cardona,René Cardona
318,343,318,343,318,343,tt0078778,2.0,2.875,Angels' Brigade,1665,1979,Lower,Greydon Clark,1.0904643470566515,1970,Greydon Clark,Greydon Clark
319,341,304,323,300,331,tt0180401,5.4,4.85,Lord Farthingay's Holiday,14,1972,Higher,Joseph F. Robertson,1.0007606611764523,1970,Joseph F. Robertson,Joseph F. Robertson
320,322,320,322,320,322,tt2311806,5.5,6.8,Babacan,48,1975,Lower,Natuk Baytan,1.002607981176408,1970,Natuk Baytan,Natuk Baytan
321,314,347,321,314,347,tt0065538,5.7,6.616666666666667,Chanoc contra el tigre y el vampiro,34,1972,Lower,Gilberto Martínez Solares,1.0018473199999556,1970,Gilberto Martínez Solares,Gilberto Martínez Solares
322,320,322,320,322,320,tt0071487,7.9,7.2,The Phantom of Liberty,14145,1974,Higher,Luis Buñuel,1.7685394529227243,1970,Luis Buñuel,Luis Buñuel
323,300,331,292,325,298,tt6037320,5.3,5.933333333333334,Can pazari,10,1976,Lower,Ertem Göreç,1.0005433294117516,1970,Ertem Göreç,Ertem Göreç
324,299,339,302,356,305,tt0195192,4.0,5.5,Provincia violenta,98,1978,Lower,Mario Bianchi,1.0053246282351662,1970,Mario Bianchi,Mario Bianchi
325,298,324,299,339,302,tt0075269,7.0,6.9,The Sternstein Manor,58,1976,Higher,Hans W. Geissendörfer,1.0031513105881595,1970,Hans W. Geissendörfer,Hans W. Geissendörfer
326,297,326,297,326,297,tt0254371,6.9,6.6,Hamaara Sansaar,7,1978,Higher,T. Prakash Rao,1.0003803305882262,1970,T. Prakash Rao,T. Prakash Rao
327,296,327,296,327,296,tt0068230,6.5,6.2,Asylum,6040,1972,Higher,Roy Ward Baker,1.3281709646980029,1970,Roy Ward Baker,Roy Ward Baker
328,295,328,295,328,295,tt0068194,4.7,5.35,Judge Roy Bean,24,1971,Lower,Jean Girault,1.0013039905882042,1970,Jean Girault,Jean Girault
329,294,329,294,329,294,tt0076461,7.5,6.45,Nippon no Don: Yabohen,19,1977,Higher,Sadao Nakajima,1.0010323258823282,1970,Sadao Nakajima,Sadao Nakajima
330,293,330,293,330,293,tt0080156,6.7,6.3000000000000025,The Incredible Kung Fu Master,178,1979,Higher,Tung Cho 'Joe' Cheung,1.0096712635291796,1970,Tung Cho 'Joe' Cheung,Tung Cho 'Joe' Cheung
331,292,325,298,324,299,tt0076903,3.3,5.0,Waldrausch,46,1977,Lower,Horst Hächler,1.0024993152940576,1970,Horst Hächler,Horst Hächler
332,291,332,291,332,291,tt0072106,4.6,4.05,Gunfight at OQ Corral,39,1974,Higher,Jean-Marie Pallardy,1.0021189847058314,1970,Jean-Marie Pallardy,Jean-Marie Pallardy
333,290,334,289,335,288,tt0079128,5.5,3.95,The Evictors,988,1979,Higher,Charles B. Pierce,1.053680945881064,1970,Charles B. Pierce,Charles B. Pierce
334,289,335,288,336,287,tt0253621,8.1,6.8,Sakar Sakir,7281,1977,Higher,Natuk Baytan,1.3955981446963843,1970,Natuk Baytan,Natuk Baytan
335,288,336,287,337,285,tt0255049,6.2,6.8000000000000025,Cher Théo,5,1975,Lower,Jean Beaudin,1.0002716647058758,1970,Jean Beaudin,Jean Beaudin
336,287,337,285,338,301,tt0068895,7.0,6.8,La maffia,90,1972,Higher,Leopoldo Torre Nilsson,1.004889964705765,1970,Leopoldo Torre Nilsson,Leopoldo Torre Nilsson
337,285,338,301,340,286,tt0070244,7.4,6.5500000000000025,Proxy War,1102,1973,Higher,Kinji Fukasaku,1.059874901175033,1970,Kinji Fukasaku,Kinji Fukasaku
338,301,340,286,333,290,tt0286749,6.2,5.85,Tattooed Flower Vase,195,1976,Higher,Masaru Konuma,1.0105949235291574,1970,Masaru Konuma,Masaru Konuma
339,302,356,305,357,312,tt0080151,6.5,6.566666666666667,The Savage Five,219,1974,Lower,Cheh Chang,1.011898914117361,1970,Cheh Chang,Cheh Chang
340,286,333,290,334,289,tt0066288,6.8,7.333333333333332,Red the Half Breed,77,1970,Lower,Gilles Carle,1.0041836364704877,1970,Gilles Carle,Gilles Carle
341,304,323,300,331,292,tt0079723,4.3,6.1,Players,236,1979,Lower,Anthony Harvey,1.0128225741173391,1970,Anthony Harvey,Anthony Harvey
342,319,341,304,323,300,tt0067010,6.5,6.75,Marta,180,1971,Lower,José Antonio Nieves Conde,1.00977992941153,1970,José Antonio Nieves Conde,José Antonio Nieves Conde
343,318,343,318,343,318,tt0075230,4.7,5.75,Slavers,126,1977,Lower,Jürgen Goslar,1.006845950588071,1970,Jürgen Goslar,Jürgen Goslar
344,317,344,317,344,317,tt0077137,6.6,6.4,At the Service of Spanish Womanhood,39,1978,Higher,Jaime de Armiñán,1.0021189847058314,1970,Jaime de Armiñán,Jaime de Armiñán
345,316,345,316,345,316,tt0244243,5.5,5.95,Sweet & Sour,14,1974,Lower,Lloyd Kaufman,1.0007606611764523,1970,Lloyd Kaufman,Lloyd Kaufman
346,303,342,319,341,304,tt0311354,5.4,5.98,Jalisco nunca pierde,10,1974,Lower,René Cardona,1.0005433294117516,1970,René Cardona,René Cardona
347,321,314,347,321,314,tt0079372,7.1,6.566666666666667,The Kid with the Golden Arm,1329,1979,Higher,Cheh Chang,1.0722084788217958,1970,Cheh Chang,Cheh Chang
348,313,348,313,348,313,tt0072641,3.8,4.3,"Amori, letti e tradimenti",40,1975,Lower,Alfonso Brescia,1.002173317647007,1970,Alfonso Brescia,Alfonso Brescia
349,315,346,303,342,319,tt0151418,5.9,6.7,Lupo Goes to New York,38,1976,Lower,Boaz Davidson,1.0020646517646563,1970,Boaz Davidson,Boaz Davidson
350,311,350,311,350,311,tt0066328,7.0,6.1,Santa and the Three Bears,569,1970,Higher,Barry Mahon,1.0309154435286696,1970,Barry Mahon,Barry Mahon
351,310,351,310,351,310,tt0067817,6.3,6.3,T.R. Baskin,250,1971,Equal,Herbert Ross,1.0135832352937917,1970,Herbert Ross,Herbert Ross
352,309,352,309,352,309,tt0155830,6.5,7.1,Bambina,188,1974,Lower,Alberto Lattuada,1.0102145929409312,1970,Alberto Lattuada,Alberto Lattuada
353,308,353,308,353,308,tt0278700,6.9,6.85,Sevgili dayim,563,1977,Higher,Zeki Ökten,1.0305894458816185,1970,Zeki Ökten,Zeki Ökten
354,307,354,307,354,307,tt0073326,6.4,6.566666666666667,The Four Assassins,286,1975,Lower,Cheh Chang,1.0155392211760974,1970,Cheh Chang,Cheh Chang
355,306,355,306,355,306,tt0206989,7.0,5.6,To oneiro tis Kyriakis,7,1970,Higher,Odysseas Kosteletos,1.0003803305882262,1970,Odysseas Kosteletos,Odysseas Kosteletos
356,305,357,312,349,315,tt0225877,5.4,6.45,Gokudo tai mamusi,8,1974,Lower,Sadao Nakajima,1.0004346635294012,1970,Sadao Nakajima,Sadao Nakajima
357,312,349,315,346,303,tt8225784,7.0,7.3,Än vacib müsahibä,6,1971,Lower,Eldar Kuliyev,1.0003259976470509,1970,Eldar Kuliyev,Eldar Kuliyev
358,405,370,406,371,399,tt0267318,7.5,6.4,Bhutacha Bhau,72,1989,Higher,Sachin/Sachin Pilgaonkar,1.003911971764612,1980,Sachin/Sachin Pilgaonkar,Sachin/Sachin Pilgaonkar
359,404,369,394,390,391,tt0129610,6.9,6.5,The Widespread Scandals of Lydia Lace,15,1983,Higher,Henri Pachard,1.0008149941176274,1980,Henri Pachard,Henri Pachard
360,403,368,395,360,403,tt0125201,5.4,5.666666666666668,The Drifting Classroom,176,1987,Lower,Nobuhiko Ôbayashi,1.0095625976468292,1980,Nobuhiko Ôbayashi,Nobuhiko Ôbayashi
361,402,367,396,361,402,tt0182792,5.5,6.1,Birkaç güzel gün için,44,1984,Lower,Irfan Tözüm,1.0023906494117074,1980,Irfan Tözüm,Irfan Tözüm
362,401,366,397,362,401,tt0237489,6.9,7.2,Ne stavte Leshemu kapkany...,11,1981,Lower,Vladimir Sarukhanov,1.0005976623529271,1980,Vladimir Sarukhanov,Vladimir Sarukhanov
363,400,365,398,363,400,tt0081189,5.9,5.75,Moy papa - idealist,19,1980,Higher,Vladimir Bortko,1.0010323258823282,1980,Vladimir Bortko,Vladimir Bortko
364,393,358,405,370,406,tt0260294,7.5,7.4,Presidentgari Abbayi,29,1987,Higher,Rama Rao Tatineni,1.0015756552940798,1980,Rama Rao Tatineni,Rama Rao Tatineni
365,398,363,400,365,398,tt0228360,5.5,5.85,Woman in a Box 2,73,1988,Lower,Masaru Konuma,1.0039663047057872,1980,Masaru Konuma,Masaru Konuma
366,397,362,401,366,397,tt0090125,7.2,7.5,"Tangos, the Exile of Gardel",568,1985,Lower,Fernando E. Solanas,1.0308611105874943,1980,Fernando E. Solanas,Fernando E. Solanas
367,396,361,402,367,396,tt0082220,6.9,6.45,Cutter's Way,5013,1981,Higher,Ivan Passer,1.2723710341111074,1980,Ivan Passer,Ivan Passer
368,395,360,403,368,395,tt0087473,6.6,6.75,Innocence,227,1983,Lower,Walter Lima Jr.,1.0123335776467628,1980,Walter Lima Jr.,Walter Lima Jr.
369,394,390,391,387,411,tt0093733,7.2,7.0,The Photograph,256,1986,Higher,Nikos Papatakis,1.0139092329408426,1980,Nikos Papatakis,Nikos Papatakis
370,406,371,399,364,393,tt0080743,6.9,6.566666666666667,The Flag of Iron,333,1980,Higher,Cheh Chang,1.0180928694113305,1980,Cheh Chang,Cheh Chang
371,399,364,393,358,405,tt0080958,6.8,6.75,The Sword,351,1980,Higher,Patrick Tam,1.0190708623524831,1980,Patrick Tam,Patrick Tam
372,407,372,407,372,407,tt0089941,7.2,6.25,Runaway Train,26587,1985,Higher,Andrey Konchalovskiy,2.4445499070241405,1980,Andrey Konchalovskiy,Andrey Konchalovskiy
373,416,388,410,373,416,tt0198499,4.8,4.3,Cross Mission,80,1988,Higher,Alfonso Brescia,1.0043466352940134,1980,Alfonso Brescia,Alfonso Brescia
374,409,374,409,374,409,tt0088772,2.4,3.95,Boggy Creek II: And the Legend Continues,3164,1984,Lower,Charles B. Pierce,1.1719094258782254,1980,Charles B. Pierce,Charles B. Pierce
375,392,389,417,380,419,tt0100811,5.3,4.55,Transylvania Twist,508,1989,Higher,Jim Wynorski,1.0276011341169844,1980,Jim Wynorski,Jim Wynorski
376,423,381,408,359,404,tt8525894,3.1,2.85,Baan phi pop,8,1989,Higher,Saiyon Srisawat,1.0004346635294012,1980,Saiyon Srisawat,Saiyon Srisawat
377,422,375,392,389,417,tt0087683,7.4,6.8000000000000025,Mario,196,1984,Higher,Jean Beaudin,1.0106492564703329,1980,Jean Beaudin,Jean Beaudin
378,421,376,423,381,408,tt0085357,5.8,5.4,La conquista de Albania,56,1983,Higher,Alfonso Ungría,1.0030426447058094,1980,Alfonso Ungría,Alfonso Ungría
379,420,377,422,375,392,tt0082653,6.2,6.0500000000000025,La leyenda del tambor,35,1981,Higher,Jorge Grau,1.0019016529411309,1980,Jorge Grau,Jorge Grau
380,419,378,421,376,423,tt0471871,6.1,5.85,The Hungry Snake Woman,42,1986,Higher,Sisworo Gautama Putra,1.002281983529357,1980,Sisworo Gautama Putra,Sisworo Gautama Putra
381,408,359,404,369,394,tt0489714,5.9,6.75,Girgiriyede Senlik Var,884,1981,Lower,Kartal Tibet,1.0480303199988468,1980,Kartal Tibet,Kartal Tibet
382,418,379,420,377,422,tt1950228,6.0,5.8,He fang shen sheng,5,1981,Higher,Eric Tsang,1.0002716647058758,1980,Eric Tsang,Eric Tsang
383,415,382,418,379,420,tt0085632,7.0,6.75,The Catch,90,1983,Higher,Shinji Sômai,1.004889964705765,1980,Shinji Sômai,Shinji Sômai
384,414,383,415,382,418,tt0187122,4.3,4.05,Hands of Death,67,1988,Higher,Godfrey Ho,1.0036403070587359,1980,Godfrey Ho,Godfrey Ho
385,413,384,414,383,415,tt0133192,7.4,7.2,Farewell to the Land,74,1982,Higher,Mitsuo Yanagimachi,1.0040206376469625,1980,Mitsuo Yanagimachi,Mitsuo Yanagimachi
386,412,385,413,384,414,tt0179453,6.5,6.7666666666666675,Reteaua 'S',26,1980,Lower,Virgil Calotescu,1.0014126564705543,1980,Virgil Calotescu,Virgil Calotescu
387,411,386,412,385,413,tt0427333,4.3,5.3,Haram,91,1983,Lower,Osman F. Seden,1.0049442976469398,1980,Osman F. Seden,Osman F. Seden
388,410,373,416,388,410,tt0082535,5.4,5.45,Hua ji shi dai,80,1981,Lower,John Woo,1.0043466352940134,1980,John Woo,John Woo
389,417,380,419,378,421,tt0198819,6.2,6.0500000000000025,Ne parliamo lunedì,24,1989,Higher,Luciano Odorisio,1.0013039905882042,1980,Luciano Odorisio,Luciano Odorisio
390,391,387,411,386,412,tt0183098,3.8,4.05,Full Metal Ninja,116,1989,Lower,Godfrey Ho,1.0063026211763193,1980,Godfrey Ho,Godfrey Ho
391,387,411,386,412,385,tt0301694,3.5,4.05,Overdose,48,1987,Lower,Jean-Marie Pallardy,1.002607981176408,1980,Jean-Marie Pallardy,Jean-Marie Pallardy
392,389,417,380,419,378,tt0081764,5.1,2.875,Without Warning,3295,1980,Higher,Greydon Clark,1.1790270411721722,1980,Greydon Clark,Greydon Clark
393,358,405,370,406,371,tt0096511,4.9,4.9,Zombie 3,4378,1988,Equal,Claudio Fragasso,1.237869616464877,1980,Claudio Fragasso,Claudio Fragasso
394,390,391,387,411,386,tt0245972,7.7,6.8000000000000025,Intlo Ramayya Veedilo Krishnayya,75,1982,Higher,Kodi Ramakrishna,1.0040749705881375,1980,Kodi Ramakrishna,Kodi Ramakrishna
395,360,403,368,395,360,tt0087864,5.7,6.066666666666666,Over the Brooklyn Bridge,1407,1984,Lower,Menahem Golan,1.0764464482334586,1980,Menahem Golan,Menahem Golan
396,361,402,367,396,361,tt0082919,7.8,7.333333333333332,Les Plouffe,422,1981,Higher,Gilles Carle,1.0229285011759202,1980,Gilles Carle,Gilles Carle
397,362,401,366,397,362,tt0148758,5.9,5.25,Sexual Heights,40,1981,Higher,Carlos Tobalina,1.002173317647007,1980,Carlos Tobalina,Carlos Tobalina
398,363,400,365,398,363,tt0091540,5.9,6.0500000000000025,The Devils of Monza,87,1987,Lower,Luciano Odorisio,1.0047269658822395,1980,Luciano Odorisio,Luciano Odorisio
399,364,393,358,405,370,tt0083032,6.4,6.033333333333334,The Satisfiers of Alpha Blue,172,1981,Higher,Gerard Damiano,1.0093452658821285,1980,Gerard Damiano,Gerard Damiano
400,365,398,363,400,365,tt0255214,6.5,6.45,Hello My Dear: Wrong Number,249,1986,Higher,Priyadarshan,1.0135289023526164,1980,Priyadarshan,Priyadarshan
401,366,397,362,401,366,tt0094124,5.0,6.166666666666668,Terror Night,268,1987,Lower,André De Toth,1.0145612282349443,1980,André De Toth,André De Toth
402,367,396,361,402,367,tt0409757,6.5,7.1,Burakkubôdo,32,1986,Lower,Kaneto Shindô,1.0017386541176052,1980,Kaneto Shindô,Kaneto Shindô
403,368,395,360,403,368,tt0311206,6.0,6.9,Our Sweet Days of Youth,42,1987,Lower,Chang-ho Bae,1.002281983529357,1980,Chang-ho Bae,Chang-ho Bae
404,369,394,390,391,387,tt0090996,6.8,6.9,Ediths Tagebuch,61,1983,Lower,Hans W. Geissendörfer,1.0033143094116852,1980,Hans W. Geissendörfer,Hans W. Geissendörfer
405,370,406,371,399,364,tt0089275,7.0,7.2,Himatsuri,243,1985,Lower,Mitsuo Yanagimachi,1.0132029047055653,1980,Mitsuo Yanagimachi,Mitsuo Yanagimachi
406,371,399,364,393,358,tt0090727,5.2,6.2,Big Trouble,1124,1986,Lower,John Cassavetes,1.0610702258808866,1980,John Cassavetes,John Cassavetes
407,372,407,372,407,372,tt0084778,7.2,5.666666666666668,"I Are You, You Am Me",356,1982,Higher,Nobuhiko Ôbayashi,1.0193425270583591,1980,Nobuhiko Ôbayashi,Nobuhiko Ôbayashi
408,359,404,369,394,390,tt0082870,6.1,6.5,Outlaw Ladies,86,1981,Lower,Henri Pachard,1.0046726329410642,1980,Henri Pachard,Henri Pachard
409,374,409,374,409,374,tt0337076,7.3,6.8,Raden Ajeng Kartini,10,1984,Higher,Sjuman Djaya,1.0005433294117516,1980,Sjuman Djaya,Sjuman Djaya
410,373,416,388,410,373,tt0311588,4.6,5.85,Noche de juerga,13,1981,Lower,Miguel M. Delgado,1.0007063282352768,1980,Miguel M. Delgado,Miguel M. Delgado
411,386,412,385,413,384,tt0084248,6.7,6.75,Nomad,306,1982,Lower,Patrick Tam,1.0166258799996009,1980,Patrick Tam,Patrick Tam
412,385,413,384,414,383,tt0122708,6.6,5.5,The Stone Lion,102,1987,Higher,Masoud Jafari Jozani,1.0055419599998672,1980,Masoud Jafari Jozani,Masoud Jafari Jozani
413,384,414,383,415,382,tt0245995,7.1,7.1,Kiraathakudu,36,1986,Equal,Kodanda Rami Reddy A.,1.001955985882306,1980,Kodanda Rami Reddy A.,Kodanda Rami Reddy A.
414,383,415,382,418,379,tt0124048,6.8,6.85,Pehlivan,464,1984,Lower,Zeki Ökten,1.025210484705277,1980,Zeki Ökten,Zeki Ökten
415,382,418,379,420,377,tt0095717,6.3,5.25,Un negro con un saxo,20,1989,Higher,Francesc Bellmunt,1.0010866588235032,1980,Francesc Bellmunt,Francesc Bellmunt
416,388,410,373,416,388,tt0082752,7.2,7.15,Il minestrone,202,1981,Higher,Sergio Citti,1.0109752541173835,1980,Sergio Citti,Sergio Citti
417,380,419,378,421,376,tt0095277,5.9,6.3000000000000025,Hao nu shi ba jia,30,1988,Lower,Tung Cho 'Joe' Cheung,1.001629988235255,1980,Tung Cho 'Joe' Cheung,Tung Cho 'Joe' Cheung
418,379,420,377,422,375,tt0086984,6.8,6.1,Body Double,28581,1984,Higher,Brian De Palma,2.552889791727422,1980,Brian De Palma,Brian De Palma
419,378,421,376,423,381,tt0097216,8.0,6.85,Do the Right Thing,88057,1989,Higher,Spike Lee,5.784395801061598,1980,Spike Lee,Spike Lee
420,377,422,375,392,389,tt0204223,3.7,3.8,Covert Action,30,1988,Lower,J. Christian Ingvordsen,1.001629988235255,1980,J. Christian Ingvordsen,J. Christian Ingvordsen
421,376,423,381,408,359,tt0334892,5.6,5.85,Aladin dan Lampu Wasiat,13,1982,Lower,Sisworo Gautama Putra,1.0007063282352768,1980,Sisworo Gautama Putra,Sisworo Gautama Putra
422,375,392,389,417,380,tt0082327,6.2,6.4,En septiembre,25,1982,Lower,Jaime de Armiñán,1.0013583235293793,1980,Jaime de Armiñán,Jaime de Armiñán
423,381,408,359,404,369,tt0097521,5.3,6.25,Homer and Eddie,1665,1989,Lower,Andrey Konchalovskiy,1.0904643470566515,1980,Andrey Konchalovskiy,Andrey Konchalovskiy
424,467,435,456,453,454,tt2235962,7.6,7.3,Taxribat,5,1990,Higher,Eldar Kuliyev,1.0002716647058758,1990,Eldar Kuliyev,Eldar Kuliyev
425,466,434,468,436,462,tt0162426,7.3,7.6,Short Sharp Shock,4108,1998,Lower,Fatih Akin,1.2231997223475823,1990,Fatih Akin,Fatih Akin
426,465,433,457,424,467,tt0099762,6.3,6.8,Henry & June,12257,1990,Lower,Philip Kaufman,1.6659588599840105,1990,Philip Kaufman,Philip Kaufman
427,464,432,458,425,466,tt0103290,5.6,5.8,Ghost Punting,148,1992,Lower,Eric Tsang,1.0080412752939245,1990,Eric Tsang,Eric Tsang
428,463,430,461,428,463,tt0246095,7.1,7.1,Mutamestri,289,1993,Equal,Kodanda Rami Reddy A.,1.0157022199996228,1990,Kodanda Rami Reddy A.,Kodanda Rami Reddy A.
429,460,427,464,432,458,tt0098043,2.6,2.875,"Out of Sight, Out of Mind",193,1990,Lower,Greydon Clark,1.010486257646807,1990,Greydon Clark,Greydon Clark
430,461,428,463,430,461,tt0294487,7.1,5.9499999999999975,Los cuentos de Abelardo,12,1990,Higher,Luis Molina Casanova,1.000651995294102,1990,Luis Molina Casanova,Luis Molina Casanova
431,459,426,465,433,457,tt1797440,7.9,7.2,Lunga calatorie cu trenul,17,1997,Higher,Sinisa Dragin,1.0009236599999778,1990,Sinisa Dragin,Sinisa Dragin
432,458,425,466,434,468,tt0203285,2.4,3.4000000000000004,Alien Agenda: Under the Skin,46,1997,Lower,Kevin J. Lindenmuth,1.0024993152940576,1990,Kevin J. Lindenmuth,Kevin J. Lindenmuth
433,457,424,467,435,456,tt12246550,5.3,6.5,Conversations with Intellectuals About Selena,6,1999,Lower,Lourdes Portillo,1.0003259976470509,1990,Lourdes Portillo,Lourdes Portillo
434,468,436,462,429,460,tt6095094,6.7,6.1,Devlerin ölümü,19,1992,Higher,Irfan Tözüm,1.0010323258823282,1990,Irfan Tözüm,Irfan Tözüm
435,456,453,454,475,449,tt0102814,5.5,5.7333333333333325,The Royal Scoundrel,59,1991,Lower,Johnnie To,1.0032056435293348,1990,Johnnie To,Johnnie To
436,462,429,460,427,464,tt8549952,2.6,2.85,Baan phi pop 3,5,1990,Lower,Saiyon Srisawat,1.0002716647058758,1990,Saiyon Srisawat,Saiyon Srisawat
437,469,437,469,437,469,tt0129387,7.1,6.5,There's Something About Mary,288665,1998,Higher,Bobby Farrelly/Peter Farrelly,16.684018464329313,1990,Bobby Farrelly/Peter Farrelly,Bobby Farrelly/Peter Farrelly
438,476,448,481,442,474,tt4300696,7.2,7.0500000000000025,Santan,12,1999,Higher,Anjan Choudhury,1.000651995294102,1990,Anjan Choudhury,Anjan Choudhury
439,471,439,471,439,471,tt0114092,6.6,7.3,Pari,782,1995,Lower,Dariush Mehrjui,1.0424883599989798,1990,Dariush Mehrjui,Dariush Mehrjui
440,472,451,455,452,470,tt0109031,5.3,6.4,Aazmayish,31,1995,Lower,Sachin Pilgaonkar/Sachin,1.00168432117643,1990,Sachin Pilgaonkar/Sachin,Sachin Pilgaonkar/Sachin
441,473,438,476,448,481,tt0166314,6.5,6.5,Tokyo Rampage,884,1998,Equal,Toshiaki Toyoda,1.0480303199988468,1990,Toshiaki Toyoda,Toshiaki Toyoda
442,474,450,483,440,472,tt0106323,4.3,4.85,Auntie Lee's Meat Pies,182,1992,Lower,Joseph F. Robertson,1.0098885952938803,1990,Joseph F. Robertson,Joseph F. Robertson
443,484,445,478,447,480,tt0246198,5.9,6.8000000000000025,Rikshavodu,99,1995,Lower,Kodi Ramakrishna,1.0053789611763415,1990,Kodi Ramakrishna,Kodi Ramakrishna
444,477,446,479,444,477,tt0098707,7.2,6.65,The Final Judgement,46,1993,Higher,Otto Chan,1.0024993152940576,1990,Otto Chan,Otto Chan
445,478,447,480,443,484,tt0116957,7.1,7.15,We Free Kings,63,1996,Lower,Sergio Citti,1.0034229752940356,1990,Sergio Citti,Sergio Citti
446,479,444,477,446,479,tt0099417,7.4,7.333333333333332,The Devil in America,11,1990,Higher,Gilles Carle,1.0005976623529271,1990,Gilles Carle,Gilles Carle
447,480,443,484,445,478,tt0160153,7.4,7.35,Crazed,25,1992,Higher,Paul Thomas,1.0013583235293793,1990,Paul Thomas,Paul Thomas
448,481,442,474,450,483,tt0201893,8.3,6.65,Road to Albertane,44,1998,Higher,Ashley Greyson,1.0023906494117074,1990,Ashley Greyson,Ashley Greyson
449,482,441,473,438,476,tt0185850,5.4,5.9,Ai shang 100% ying xiong,68,1997,Lower,Jing Wong,1.0036946399999114,1990,Jing Wong,Jing Wong
450,483,440,472,451,455,tt0204979,7.7,6.5,Corpus,12,1999,Higher,Lourdes Portillo,1.000651995294102,1990,Lourdes Portillo,Lourdes Portillo
451,455,452,470,431,459,tt0384991,5.8,5.6999999999999975,Heat After Dark,161,1996,Higher,Ryûhei Kitamura,1.0087476035292018,1990,Ryûhei Kitamura,Ryûhei Kitamura
452,470,431,459,426,465,tt0211032,4.9,4.9,Teste rasate,125,1993,Equal,Claudio Fragasso,1.0067916176468958,1990,Claudio Fragasso,Claudio Fragasso
453,454,475,449,482,441,tt0101819,6.8,7.0,Walking a Tightrope,65,1991,Lower,Nikos Papatakis,1.0035316411763855,1990,Nikos Papatakis,Nikos Papatakis
454,475,449,482,441,473,tt0099267,7.0,5.5,World Cup '90,119,1990,Higher,Mario Bianchi,1.0064656199998447,1990,Mario Bianchi,Mario Bianchi
455,452,470,431,459,426,tt0099888,6.4,5.9,12 Hours of Terror,337,1990,Higher,Jing Wong,1.018310201176031,1990,Jing Wong,Jing Wong
456,453,454,475,449,482,tt0147906,4.4,4.4,Interlocked: Thrilled to Death,212,1998,Equal,Rick Jacobson,1.0115185835291352,1990,Rick Jacobson,Rick Jacobson
457,424,467,435,456,453,tt0195814,7.2,7.550000000000002,Hyderabad Blues,897,1998,Lower,Nagesh Kukunoor,1.048736648234124,1990,Nagesh Kukunoor,Nagesh Kukunoor
458,425,466,434,468,436,tt0297829,7.8,6.9,Cheongugeui gyedan,27,1992,Higher,Chang-ho Bae,1.0014669894117294,1990,Chang-ho Bae,Chang-ho Bae
459,426,465,433,457,424,tt0155159,5.4,5.45,The Sexperiment,77,1998,Lower,Edward Holzman,1.0041836364704877,1990,Edward Holzman,Edward Holzman
460,427,464,432,458,425,tt0101756,5.7,5.4833333333333325,Don't Fool Me,111,1991,Higher,Herman Yau,1.0060309564704435,1990,Herman Yau,Herman Yau
461,428,463,430,461,428,tt0102821,1.8,2.875,Russian Holiday,165,1993,Lower,Greydon Clark,1.0089649352939023,1990,Greydon Clark,Greydon Clark
462,429,460,427,464,432,tt0110036,6.1,6.5,Stories from the Kronen,1187,1995,Lower,Montxo Armendáriz,1.0644932011749222,1990,Montxo Armendáriz,Montxo Armendáriz
463,430,461,428,463,430,tt0164201,5.9,6.0500000000000025,Tiempos mejores,20,1994,Lower,Jorge Grau,1.0010866588235032,1990,Jorge Grau,Jorge Grau
464,432,458,425,466,434,tt0117264,6.9,6.75,The Oyster and the Wind,400,1997,Higher,Walter Lima Jr.,1.0217331764700663,1990,Walter Lima Jr.,Walter Lima Jr.
465,433,457,424,467,435,tt0120353,4.7,5.45,Top of the World,742,1997,Lower,Sidney J. Furie,1.0403150423519731,1990,Sidney J. Furie,Sidney J. Furie
466,434,468,436,462,429,tt0134989,4.4,3.4000000000000004,Addicted to Murder: Tainted Blood,67,1998,Higher,Kevin J. Lindenmuth,1.0036403070587359,1990,Kevin J. Lindenmuth,Kevin J. Lindenmuth
467,435,456,453,454,475,tt0183073,5.3,4.65,Fei hu xiong xin 2: Ao qi bi tian gao,45,1996,Higher,Andrew Lau,1.0024449823528825,1990,Andrew Lau,Andrew Lau
468,436,462,429,460,427,tt0103743,7.0,5.4833333333333325,The Eight Immortals Restaurant: The Untold Story,3319,1993,Higher,Herman Yau,1.180331031760376,1990,Herman Yau,Herman Yau
469,437,469,437,469,437,tt0162716,3.8,5.3,Scar,9,1994,Lower,Haim Bouzaglo,1.0004889964705763,1990,Haim Bouzaglo,Haim Bouzaglo
470,431,459,426,465,433,tt0191766,6.5,6.75,Wait and See,89,1998,Lower,Shinji Sômai,1.0048356317645897,1990,Shinji Sômai,Shinji Sômai
471,439,471,439,471,439,tt0149650,6.7,7.1,American Bet,183,1997,Lower,Dmitriy Meskhiev,1.0099429282350554,1990,Dmitriy Meskhiev,Dmitriy Meskhiev
472,451,455,452,470,431,tt4272064,6.9,7.0500000000000025,Bidhilipi,35,1991,Lower,Anjan Choudhury,1.0019016529411309,1990,Anjan Choudhury,Anjan Choudhury
473,438,476,448,481,442,tt0104115,5.6,4.699999999999998,Doctor Mordrid,1374,1992,Higher,Charles Band,1.0746534611746779,1990,Charles Band,Charles Band
474,450,483,440,472,451,tt0101608,3.9,3.8,Comrades in Arms,56,1991,Higher,J. Christian Ingvordsen,1.0030426447058094,1990,J. Christian Ingvordsen,J. Christian Ingvordsen
475,449,482,441,473,438,tt0260055,7.3,7.4,Golmaal Govindam,53,1992,Lower,Rama Rao Tatineni,1.0028796458822835,1990,Rama Rao Tatineni,Rama Rao Tatineni
476,448,481,442,474,450,tt0110687,4.5,6.133333333333333,North,13136,1994,Lower,Rob Reiner,1.7137175152769817,1990,Rob Reiner,Rob Reiner
477,446,479,444,477,446,tt0114855,3.8,4.55,Virtual Desire,223,1995,Lower,Jim Wynorski,1.012116245882062,1990,Jim Wynorski,Jim Wynorski
478,447,480,443,484,445,tt0099731,6.0,6.45,The Handmaid's Tale,8631,1990,Lower,Volker Schlöndorff,1.4689476152828584,1990,Volker Schlöndorff,Volker Schlöndorff
479,444,477,446,479,444,tt2113678,7.6,6.6,Hick's Last Stand,10,1990,Higher,Herbert Achternbusch,1.0005433294117516,1990,Herbert Achternbusch,Herbert Achternbusch
480,443,484,445,478,447,tt0119895,5.6,6.6,Picasso in Munich,28,1997,Lower,Herbert Achternbusch,1.0015213223529047,1990,Herbert Achternbusch,Herbert Achternbusch
481,442,474,450,483,440,tt0103890,6.1,6.65,Bu wen sao,46,1992,Lower,Otto Chan,1.0024993152940576,1990,Otto Chan,Otto Chan
482,441,473,438,476,448,tt0116725,5.9,4.9,Juloratoriet,374,1996,Higher,Kjell-Åke Andersson,1.0203205199995122,1990,Kjell-Åke Andersson,Kjell-Åke Andersson
483,440,472,451,455,452,tt0149850,4.9,3.5500000000000003,Bewaffa Se Waffa,67,1992,Higher,Saawan Kumar Tak,1.0036403070587359,1990,Saawan Kumar Tak,Saawan Kumar Tak
484,445,478,447,480,443,tt0147189,7.3,7.35,Portrait of Christy,27,1990,Lower,Paul Thomas,1.0014669894117294,1990,Paul Thomas,Paul Thomas
485,523,492,519,487,525,tt0269281,6.2,5.45,Rock My World,1475,2002,Higher,Sidney J. Furie,1.08014108823337,2000,Sidney J. Furie,Sidney J. Furie
486,526,495,527,496,521,tt0335261,4.2,5.25,Lisístrata,473,2002,Lower,Francesc Bellmunt,1.0256994811758535,2000,Francesc Bellmunt,Francesc Bellmunt
487,525,494,517,485,523,tt0347048,7.9,7.6,Head-On,50853,2004,Higher,Fatih Akin,3.76299305758072,2000,Fatih Akin,Fatih Akin
488,524,493,518,486,526,tt0284067,7.2,6.75,Down from the Mountain,628,2000,Higher,Chris Hegedus/Nick Doob,1.0341210870580042,2000,Chris Hegedus/Nick Doob,Chris Hegedus/Nick Doob
489,522,491,520,488,524,tt1190913,3.2,5.2,Eye for Eye,164,2008,Lower,Kaywan Mohsen,1.0089106023527272,2000,Kaywan Mohsen,Kaywan Mohsen
490,516,513,514,541,501,tt0327036,5.5,5.5,Martin Lawrence Live: Runteldat,1626,2002,Equal,David Raynr,1.08834536235082,2000,David Raynr,David Raynr
491,520,488,524,493,518,tt0440978,6.9,6.45,Strike,434,2006,Higher,Volker Schlöndorff,1.023580496470022,2000,Volker Schlöndorff,Volker Schlöndorff
492,519,487,525,494,517,tt0321150,6.4,5.95,All the Love You Cannes!,311,2002,Higher,Lloyd Kaufman,1.0168975447054769,2000,Lloyd Kaufman,Lloyd Kaufman
493,518,486,526,495,527,tt0361863,7.2,5.2,Made in Denmark,24,2002,Higher,Kaywan Mohsen,1.0013039905882042,2000,Kaywan Mohsen,Kaywan Mohsen
494,517,485,523,492,519,tt0378848,5.8,5.05,Battle for Finland,1718,2007,Higher,Åke Lindman,1.0933439929389352,2000,Åke Lindman,Åke Lindman
495,527,496,521,490,516,tt0825232,7.4,6.133333333333333,The Bucket List,228864,2007,Higher,Rob Reiner,13.434854249113211,2000,Rob Reiner,Rob Reiner
496,521,490,516,513,514,tt0770814,5.5,5.8,Tennessee,745,2008,Lower,Aaron Woodley,1.0404780411754988,2000,Aaron Woodley,Aaron Woodley
497,528,497,528,497,528,tt1424062,6.2,6.966666666666668,The Thorn in the Heart,439,2009,Lower,Michel Gondry,1.023852161175898,2000,Michel Gondry,Michel Gondry
498,543,505,536,506,537,tt0338013,8.3,6.966666666666668,Eternal Sunshine of the Spotless Mind,901852,2004,Higher,Michel Gondry,50.000271664705885,2000,Michel Gondry,Michel Gondry
499,530,499,530,499,530,tt1552669,6.0,6.6,Dinosaurier,205,2009,Lower,Leander Haußmann,1.0111382529409092,2000,Leander Haußmann,Leander Haußmann
500,531,498,543,505,536,tt1182921,5.5,5.85,Ninja,12225,2009,Lower,Isaac Florentine,1.6642202058664053,2000,Isaac Florentine,Isaac Florentine
501,532,510,542,500,531,tt0799916,6.3,6.75,Al Franken: God Spoke,494,2006,Lower,Nick Doob/Chris Hegedus,1.026840472940532,2000,Nick Doob/Chris Hegedus,Nick Doob/Chris Hegedus
502,533,509,540,502,533,tt0328899,4.4,5.1,The Creature of the Sunny Side Up Trailer Park,144,2006,Lower,Christopher Coppola,1.007823943529224,2000,Christopher Coppola,Christopher Coppola
503,534,511,515,512,529,tt1087873,5.2,5.6,The Ten Lives of Titanic the Cat,161,2007,Lower,Grethe Bøe-Waal,1.0087476035292018,2000,Grethe Bøe-Waal,Grethe Bøe-Waal
504,535,507,538,504,535,tt1311063,3.1,3.7,The Brotherhood VI: Initiation,125,2009,Lower,David DeCoteau,1.0067916176468958,2000,David DeCoteau,David DeCoteau
505,536,506,537,508,539,tt0290145,6.5,6.4,Blue Car,3370,2002,Higher,Karen Moncrieff,1.1831020117603095,2000,Karen Moncrieff,Karen Moncrieff
506,537,508,539,503,534,tt1212974,4.4,4.4,Bitch Slap,13369,2009,Equal,Rick Jacobson,1.7263770905707951,2000,Rick Jacobson,Rick Jacobson
507,538,504,535,507,538,tt0240885,7.2,7.4,Scottsboro: An American Tragedy,296,2000,Lower,Daniel Anker,1.0160825505878492,2000,Daniel Anker,Daniel Anker
508,539,503,534,511,515,tt0256380,5.9,6.5,Shallow Hal,126237,2001,Lower,Peter Farrelly/Bobby Farrelly,7.858827495129441,2000,Peter Farrelly/Bobby Farrelly,Peter Farrelly/Bobby Farrelly
509,540,502,533,509,540,tt0307873,6.5,5.1,Raaz,2899,2002,Higher,Vikram Bhatt,1.1575111964668063,2000,Vikram Bhatt,Vikram Bhatt
510,542,500,531,498,543,tt0842539,8.0,7.1,Elav jõud,14,2003,Higher,Jaak Kilmi/Andres Maimik,1.0007606611764523,2000,Jaak Kilmi/Andres Maimik,Jaak Kilmi/Andres Maimik
511,515,512,529,489,522,tt0420941,4.8,5.9499999999999975,El sueño del regreso,25,2005,Lower,Luis Molina Casanova,1.0013583235293793,2000,Luis Molina Casanova,Luis Molina Casanova
512,529,489,522,491,520,tt0805184,6.4,6.45,Bhagam Bhag,10827,2006,Lower,Priyadarshan,1.5882627541035232,2000,Priyadarshan,Priyadarshan
513,514,541,501,532,510,tt1156136,4.8,5.7333333333333325,Linger,258,2008,Lower,Johnnie To,1.014017898823193,2000,Johnnie To,Johnnie To
514,541,501,532,510,542,tt0348190,5.4,5.1,Tere Liye,51,2001,Higher,Sanjay Gadhvi,1.0027709799999334,2000,Sanjay Gadhvi,Sanjay Gadhvi
515,512,529,489,522,491,tt0304229,6.7,6.0,Japanese Story,6229,2003,Higher,Sue Brooks,1.3384398905801094,2000,Sue Brooks,Sue Brooks
516,513,514,541,501,532,tt1307466,3.9,4.9,Vi hade i alla fall tur med vädret igen!,873,2008,Lower,Kjell-Åke Andersson,1.04743265764592,2000,Kjell-Åke Andersson,Kjell-Åke Andersson
517,485,523,492,519,487,tt0378912,5.8,5.5,Trio,133,2003,Higher,Aleksandr Proshkin,1.007226281176297,2000,Aleksandr Proshkin,Aleksandr Proshkin
518,486,526,495,527,496,tt0824316,7.9,7.550000000000002,Dor,5635,2006,Higher,Nagesh Kukunoor,1.3061661235220607,2000,Nagesh Kukunoor,Nagesh Kukunoor
519,487,525,494,517,485,tt0399186,4.1,3.25,The Indie Pendant,21,2005,Higher,Kelly Schwarze,1.0011409917646783,2000,Kelly Schwarze,Kelly Schwarze
520,488,524,493,518,486,tt1396235,3.0,2.65,Catalina: A New Kind of Superhero,23,2009,Higher,Kenneth D. Barker,1.0012496576470291,2000,Kenneth D. Barker,Kenneth D. Barker
521,490,516,513,514,541,tt0379158,7.6,7.4,Imaginary Witness: Hollywood and the Holocaust,602,2004,Higher,Daniel Anker,1.03270843058745,2000,Daniel Anker,Daniel Anker
522,491,520,488,524,493,tt0322545,7.2,6.6,Berlin Blues,6749,2003,Higher,Leander Haußmann,1.3666930199911955,2000,Leander Haußmann,Leander Haußmann
523,492,519,487,525,494,tt1105723,6.1,6.3,Crossing Dates,120,2008,Lower,Anca Damian,1.00651995294102,2000,Anca Damian,Anca Damian
524,493,518,486,526,495,tt0200192,5.5,5.75,Cheeky,4941,2000,Lower,Tinto Brass,1.2684590623464955,2000,Tinto Brass,Tinto Brass
525,494,517,485,523,492,tt0341384,6.5,6.3,The Coast Guard,3198,2002,Higher,Ki-duk Kim,1.1737567458781808,2000,Ki-duk Kim,Ki-duk Kim
526,495,527,496,521,490,tt1313148,4.4,5.666666666666668,Scenery to Remember,35,2008,Lower,Nobuhiko Ôbayashi,1.0019016529411309,2000,Nobuhiko Ôbayashi,Nobuhiko Ôbayashi
527,496,521,490,516,513,tt0368721,7.8,8.05,Faster,1318,2003,Lower,Mark Neale,1.071610816468869,2000,Mark Neale,Mark Neale
528,497,528,497,528,497,tt0335987,7.1,6.4499999999999975,Banda de Ipanema - Folia de Albino,14,2003,Higher,Paulo César Saraceni,1.0007606611764523,2000,Paulo César Saraceni,Paulo César Saraceni
529,489,522,491,520,488,tt0255309,6.0,7.55,Kurukshetra,955,2000,Lower,Mahesh Manjrekar,1.0518879588222836,2000,Mahesh Manjrekar,Mahesh Manjrekar
530,499,530,499,530,499,tt0336274,5.0,5.4,El deseo de ser piel roja,47,2002,Lower,Alfonso Ungría,1.0025536482352329,2000,Alfonso Ungría,Alfonso Ungría
531,498,543,505,536,506,tt0833474,6.8,5.3,Janem Janem,26,2005,Higher,Haim Bouzaglo,1.0014126564705543,2000,Haim Bouzaglo,Haim Bouzaglo
532,510,542,500,531,498,tt0238274,5.5,5.45,Hollywood Sins,96,2000,Higher,Edward Holzman,1.005215962352816,2000,Edward Holzman,Edward Holzman
533,509,540,502,533,509,tt0799934,6.4,6.966666666666668,Be Kind Rewind,88275,2008,Lower,Michel Gondry,5.7962403822377855,2000,Michel Gondry,Michel Gondry
534,511,515,512,529,489,tt0180073,7.3,6.8,Quills,51299,2000,Higher,Philip Kaufman,3.787225549344845,2000,Philip Kaufman,Philip Kaufman
535,507,538,504,535,507,tt1699525,6.3,6.6,Winner,274,2003,Lower,Sundar C.,1.0148872258819954,2000,Sundar C.,Sundar C.
536,506,537,508,539,503,tt0286635,6.9,5.7333333333333325,Fulltime Killer,6293,2001,Higher,Johnnie To,1.3419171988153202,2000,Johnnie To,Johnnie To
537,508,539,503,534,511,tt0403579,7.5,7.1,Our Own,1220,2004,Higher,Dmitriy Meskhiev,1.0662861882337027,2000,Dmitriy Meskhiev,Dmitriy Meskhiev
538,504,535,507,538,504,tt0470521,2.2,3.5500000000000003,The Love Season,758,2006,Lower,Saawan Kumar Tak,1.041184369410776,2000,Saawan Kumar Tak,Saawan Kumar Tak
539,503,534,511,515,512,tt0202402,5.5,5.5,Whatever It Takes,9839,2000,Equal,David Raynr,1.534581808222459,2000,David Raynr,David Raynr
540,502,533,509,540,502,tt0876563,7.7,7.75,Ponyo,122890,2008,Lower,Hayao Miyazaki,7.676975141016159,2000,Hayao Miyazaki,Hayao Miyazaki
541,501,532,510,542,500,tt1424081,6.5,6.5,The Blood of Rebirth,134,2009,Equal,Toshiaki Toyoda,1.0072806141174722,2000,Toshiaki Toyoda,Toshiaki Toyoda
542,500,531,498,543,505,tt0970462,4.7,3.5,1968 Tunnel Rats,4599,2008,Higher,Uwe Boll,1.2498771964645887,2000,Uwe Boll,Uwe Boll
543,505,536,506,537,508,tt0901475,6.9,6.3,Breath,4535,2007,Higher,Ki-duk Kim,1.2463998882293779,2000,Ki-duk Kim,Ki-duk Kim
544,601,544,601,544,601,tt11076496,5.9,6.2,The Ghost and the House of Truth,28,2019,Lower,Akin Omotoso,1.0015213223529047,2010,Akin Omotoso,Akin Omotoso
545,600,545,600,545,600,tt2002742,6.6,6.4499999999999975,Nobel Thief,186,2011,Higher,Suman Ghosh,1.0101059270585808,2010,Suman Ghosh,Suman Ghosh
546,599,546,599,546,599,tt2506386,4.6,5.4833333333333325,The Second Coming,330,2014,Lower,Herman Yau,1.0179298705878048,2010,Herman Yau,Herman Yau
547,598,547,598,547,598,tt3416744,7.3,7.1999999999999975,The End of the Tour,28544,2015,Higher,James Ponsoldt,2.550879472903941,2010,James Ponsoldt,James Ponsoldt
548,597,548,597,548,597,tt5900116,7.5,7.25,Badam Rani Gulam Chor,17,2012,Higher,Satish Rajwade,1.0009236599999778,2010,Satish Rajwade,Satish Rajwade
549,596,549,596,549,596,tt6115392,5.6,6.4499999999999975,Ordinary Days,189,2017,Lower,Jordan Canning,1.0102689258821065,2010,Jordan Canning,Jordan Canning
550,595,550,595,550,595,tt8526576,4.3,3.7,My Mother's Stalker,63,2019,Higher,David DeCoteau,1.0034229752940356,2010,David DeCoteau,David DeCoteau
551,588,557,587,558,586,tt2262126,6.9,6.6,Kalakalappu,1060,2012,Higher,Sundar C.,1.0575929176456758,2010,Sundar C.,Sundar C.
552,593,583,584,571,616,tt2304539,6.0,5.95,By My Side,8,2012,Higher,Jean-Cosme Delaloye,1.0004346635294012,2010,Jean-Cosme Delaloye,Jean-Cosme Delaloye
553,592,553,592,553,592,tt1608246,7.6,7.699999999999997,Therapissed,28,2010,Lower,Glenn Berggoetz,1.0015213223529047,2010,Glenn Berggoetz,Glenn Berggoetz
554,591,554,591,554,591,tt5847286,6.3,5.4833333333333325,Shock Wave,2485,2017,Higher,Herman Yau,1.1350173588202876,2010,Herman Yau,Herman Yau
555,590,555,590,555,590,tt2042443,5.7,5.1,Steel,278,2012,Higher,Stefano Mordini,1.0151045576466962,2010,Stefano Mordini,Stefano Mordini
556,589,556,589,556,589,tt10053058,5.9,6.5,Angel Sign,12,2019,Lower,Kamila Andini,1.000651995294102,2010,Kamila Andini,Kamila Andini
557,587,558,586,559,602,tt10060386,4.8,4.949999999999998,Hellcat's Revenge II: Deadman's Hand,29,2019,Lower,Len Kabasinski,1.0015756552940798,2010,Len Kabasinski,Len Kabasinski
558,586,559,602,551,588,tt2002606,6.3,5.300000000000002,The Ant's Scream,238,2011,Higher,Sameh Abdulaziz,1.0129312399996897,2010,Sameh Abdulaziz,Sameh Abdulaziz
559,602,551,588,557,587,tt1222815,7.2,7.4,Chimpanzee,5875,2012,Lower,Alastair Fothergill,1.3192060294041008,2010,Alastair Fothergill,Alastair Fothergill
560,594,552,593,583,584,tt0862748,5.6,5.6999999999999975,Lupin the 3rd,1481,2014,Lower,Ryûhei Kitamura,1.080467085880421,2010,Ryûhei Kitamura,Ryûhei Kitamura
561,603,561,603,561,603,tt4539364,5.3,5.4833333333333325,Kung Fu Angels,37,2014,Lower,Herman Yau,1.0020103188234812,2010,Herman Yau,Herman Yau
562,617,569,618,568,619,tt4594834,5.7,6.85,Chi-Raq,9084,2015,Lower,Spike Lee,1.4935604376352083,2010,Spike Lee,Spike Lee
563,605,563,605,563,605,tt2354956,6.3,6.4499999999999975,Shyamal Uncle Turns Off the Lights,18,2012,Lower,Suman Ghosh,1.0009779929411529,2010,Suman Ghosh,Suman Ghosh
564,623,573,615,572,604,tt1883121,7.2,5.5,404: Error Not Found,2346,2011,Higher,Prawaal Raman,1.1274650799969397,2010,Prawaal Raman,Prawaal Raman
565,622,564,623,573,615,tt6785134,6.5,6.3,Moon Hotel Kabul,111,2018,Higher,Anca Damian,1.0060309564704435,2010,Anca Damian,Anca Damian
566,621,565,622,564,623,tt5752916,1.4,1.2,Traces of Gore II,27,2016,Higher,Alex Wesley,1.0014669894117294,2010,Alex Wesley,Alex Wesley
567,620,566,621,565,622,tt2350736,5.2,5.300000000000002,My Horrible Grandma,528,2012,Lower,Sameh Abdulaziz,1.0286877929404876,2010,Sameh Abdulaziz,Sameh Abdulaziz
568,619,567,620,566,621,tt6573604,6.8,7.4,Minu näoga onu,224,2017,Lower,Andres Maimik,1.0121705788232371,2010,Andres Maimik,Andres Maimik
569,618,568,619,567,620,tt3234078,3.8,4.699999999999998,Gingerdead Man vs. Evil Bong,552,2013,Lower,Charles Band,1.0299917835286916,2010,Charles Band,Charles Band
570,585,582,614,575,612,tt3590858,8.2,7.55,Urban & the Shed Crew,80,2015,Higher,Candida Brady,1.0043466352940134,2010,Candida Brady,Candida Brady
571,616,570,585,582,614,tt4532596,4.4,5.5,Iran Burger,403,2015,Lower,Masoud Jafari Jozani,1.021896175293592,2010,Masoud Jafari Jozani,Masoud Jafari Jozani
572,604,560,594,552,593,tt5311546,9.1,7.55,Natsamrat,5007,2016,Higher,Mahesh Manjrekar,1.2720450364640563,2010,Mahesh Manjrekar,Mahesh Manjrekar
573,615,572,604,560,594,tt2218928,7.2,7.25,"Sport, mafia et corruption",11,2012,Lower,Hervé Martin-Delpierre,1.0005976623529271,2010,Hervé Martin-Delpierre,Hervé Martin-Delpierre
574,613,574,613,574,613,tt1934427,7.1,6.5,The Mirror Never Lies,80,2011,Higher,Kamila Andini,1.0043466352940134,2010,Kamila Andini,Kamila Andini
575,612,562,617,569,618,tt3833822,7.3,7.25,Daft Punk Unchained,3044,2015,Higher,Hervé Martin-Delpierre,1.1653894729372056,2010,Hervé Martin-Delpierre,Hervé Martin-Delpierre
576,611,576,611,576,611,tt6737518,5.9,5.95,Stray Bullet,50,2018,Lower,Jean-Cosme Delaloye,1.0027166470587583,2010,Jean-Cosme Delaloye,Jean-Cosme Delaloye
577,610,577,610,577,610,tt6164014,4.5,3.6,Circus Kane,779,2017,Higher,Christopher Ray,1.0423253611754544,2010,Christopher Ray,Christopher Ray
578,609,578,609,578,609,tt2120166,5.6,6.8,Täitsa lõpp,63,2011,Lower,Jaak Kilmi,1.0034229752940356,2010,Jaak Kilmi,Jaak Kilmi
579,608,579,608,579,608,tt10250750,4.9,5.300000000000002,Boonie Bears: Blast Into the Past,115,2019,Lower,Leon Ding,1.006248288235144,2010,Leon Ding,Leon Ding
580,607,580,607,580,607,tt3462676,7.3,6.4499999999999975,We Were Wolves,65,2014,Higher,Jordan Canning,1.0035316411763855,2010,Jordan Canning,Jordan Canning
581,606,581,606,581,606,tt1733118,6.5,7.2,If the Seed Doesn't Die,172,2010,Lower,Sinisa Dragin,1.0093452658821285,2010,Sinisa Dragin,Sinisa Dragin
582,614,575,612,562,617,tt4973112,8.3,8.05,Hitting the Apex,2920,2015,Higher,Mark Neale,1.1586521882314849,2010,Mark Neale,Mark Neale
583,584,571,616,570,585,tt4328934,7.5,7.7,Taramani,1315,2017,Lower,Ram,1.0714478176453437,2010,Ram,Ram
584,571,616,570,585,582,tt1991253,6.0,6.6,Wladcy Marionetek,19,2010,Lower,Tomasz Sekielski,1.0010323258823282,2010,Tomasz Sekielski,Tomasz Sekielski
585,582,614,575,612,562,tt3239928,6.0,5.6,Operation Arctic,837,2014,Higher,Grethe Bøe-Waal,1.045476671763614,2010,Grethe Bøe-Waal,Grethe Bøe-Waal
586,559,602,551,588,557,tt3615814,2.3,2.65,Bikini Girls v Dinosaurs,117,2014,Lower,Kenneth D. Barker,1.0063569541174944,2010,Kenneth D. Barker,Kenneth D. Barker
587,558,586,559,602,551,tt9867458,6.9,7.55,Muse,15,2019,Lower,Candida Brady,1.0008149941176274,2010,Candida Brady,Candida Brady
588,557,587,558,586,559,tt3962296,6.3,7.1999999999999975,The Gods,96,2017,Lower,Mykel Shannon Jenkins,1.005215962352816,2010,Mykel Shannon Jenkins,Mykel Shannon Jenkins
589,556,589,556,589,556,tt1456520,4.0,5.4833333333333325,"All's Well, Ends Well 2010",453,2010,Lower,Herman Yau,1.0246128223523503,2010,Herman Yau,Herman Yau
590,555,590,555,590,555,tt3155922,7.0,7.25,Popat,53,2013,Lower,Satish Rajwade,1.0028796458822835,2010,Satish Rajwade,Satish Rajwade
591,554,591,554,591,554,tt9378850,4.0,4.65,Kung Fu Monster,182,2018,Lower,Andrew Lau,1.0098885952938803,2010,Andrew Lau,Andrew Lau
592,553,592,553,592,553,tt1714206,7.1,7.1999999999999975,The Spectacular Now,143317,2013,Lower,James Ponsoldt,8.786834130401278,2010,James Ponsoldt,James Ponsoldt
593,583,584,571,616,570,tt3882968,4.4,4.25,Todas para Uno,45,2014,Higher,Harold Trompetero,1.0024449823528825,2010,Harold Trompetero,Harold Trompetero
594,552,593,583,584,571,tt1650535,6.1,5.8,The Entitled,6314,2011,Higher,Aaron Woodley,1.3430581905799983,2010,Aaron Woodley,Aaron Woodley
595,550,595,550,595,550,tt3428892,6.9,6.5,#Sequence,18,2013,Higher,Montxo Armendáriz,1.0009779929411529,2010,Montxo Armendáriz,Montxo Armendáriz
596,549,596,549,596,549,tt4778988,6.5,6.133333333333333,LBJ,5760,2016,Higher,Rob Reiner,1.3129577411689566,2010,Rob Reiner,Rob Reiner
597,548,597,548,597,548,tt8654080,1.0,1.2,Overdose of Gore: Crime born Crime,27,2015,Lower,Alex Wesley,1.0014669894117294,2010,Alex Wesley,Alex Wesley
598,547,598,547,598,547,tt2930426,5.1,4.949999999999998,Blood Mercury,30,2014,Higher,Len Kabasinski,1.001629988235255,2010,Len Kabasinski,Len Kabasinski
599,546,599,546,599,546,tt4876094,5.5,6.3,Stop,63,2015,Lower,Ki-duk Kim,1.0034229752940356,2010,Ki-duk Kim,Ki-duk Kim
600,545,600,545,600,545,tt1884382,6.2,6.2,Ostende,157,2011,Equal,Laura Citarella,1.008530271764501,2010,Laura Citarella,Laura Citarella
601,544,601,544,601,544,tt2275763,5.2,5.5,Expiation,106,2012,Lower,Aleksandr Proshkin,1.0057592917645677,2010,Aleksandr Proshkin,Aleksandr Proshkin
602,551,588,557,587,558,tt4552486,3.8,5.5,Dobaara: See Your Evil,313,2017,Lower,Prawaal Raman,1.017006210587827,2010,Prawaal Raman,Prawaal Raman
603,561,603,561,603,561,tt6447448,7.5,7.8,Vincent Van Gogh - A New Way Of Seeing,27,2015,Lower,Phil Grabsky,1.0014669894117294,2010,Phil Grabsky,Phil Grabsky
604,560,594,552,593,583,tt1782524,7.8,7.699999999999997,Separate Checks,18,2011,Higher,Glenn Berggoetz,1.0009779929411529,2010,Glenn Berggoetz,Glenn Berggoetz
605,563,605,563,605,563,tt2013293,7.8,7.75,The Wind Rises,72050,2013,Higher,Hayao Miyazaki,4.914688411670714,2010,Hayao Miyazaki,Hayao Miyazaki
606,581,606,581,606,581,tt2458106,6.2,5.85,Ninja: Shadow of a Tear,11323,2013,Higher,Isaac Florentine,1.6152118929264057,2010,Isaac Florentine,Isaac Florentine
607,580,607,580,607,580,tt1323973,6.3,6.4,The Trials of Cate McCall,5435,2013,Lower,Karen Moncrieff,1.2952995352870276,2010,Karen Moncrieff,Karen Moncrieff
608,579,608,579,608,579,tt1695791,5.0,6.65,Life Happens,173,2010,Lower,Ashley Greyson,1.0093995988233038,2010,Ashley Greyson,Ashley Greyson
609,578,609,578,609,578,tt2251488,4.1,4.25,"Mi gente linda, mi gente bella",163,2012,Lower,Harold Trompetero,1.0088562694115522,2010,Harold Trompetero,Harold Trompetero
610,577,610,577,610,577,tt1756427,2.3,3.5,Blubberella,2408,2011,Lower,Uwe Boll,1.1308337223498,2010,Uwe Boll,Uwe Boll
611,576,611,576,611,576,tt5111790,4.7,5.25,Return of the Cuckoo,104,2015,Lower,Patrick Kong,1.005650625882217,2010,Patrick Kong,Patrick Kong
612,562,617,569,618,568,tt2965820,4.4,5.300000000000002,Tattah,373,2013,Lower,Sameh Abdulaziz,1.020266187058337,2010,Sameh Abdulaziz,Sameh Abdulaziz
613,574,613,574,613,574,tt2043914,6.5,6.2,Man on Ground,35,2011,Higher,Akin Omotoso,1.0019016529411309,2010,Akin Omotoso,Akin Omotoso
614,575,612,562,617,569,tt4574440,6.2,6.2,La mujer de los perros,182,2015,Equal,Laura Citarella,1.0098885952938803,2010,Laura Citarella,Laura Citarella
615,572,604,560,594,552,tt4566574,2.7,3.6,Mega Shark vs. Kolossus,1414,2015,Lower,Christopher Ray,1.0768267788216848,2010,Christopher Ray,Christopher Ray
616,570,585,582,614,575,tt5081618,5.8,5.1,Sacred Blood,25,2015,Higher,Christopher Coppola,1.0013583235293793,2010,Christopher Coppola,Christopher Coppola
617,569,618,568,619,567,tt3848938,3.7,5.1,Mr. X,1771,2015,Lower,Vikram Bhatt,1.0962236388212192,2010,Vikram Bhatt,Vikram Bhatt
618,568,619,567,620,566,tt2187248,7.9,7.7,Thanga Meengal,820,2013,Higher,Ram,1.044553011763636,2010,Ram,Ram
619,567,620,566,621,565,tt1223236,7.6,7.4,African Cats,6162,2011,Higher,Alastair Fothergill,1.3347995835213733,2010,Alastair Fothergill,Alastair Fothergill
620,566,621,565,622,564,tt2640674,2.4,3.25,Territory 8,342,2013,Lower,Kelly Schwarze,1.0185818658819068,2010,Kelly Schwarze,Kelly Schwarze
621,565,622,564,623,573,tt7527262,5.8,5.25,Never Too Late,24,2017,Higher,Patrick Kong,1.0013039905882042,2010,Patrick Kong,Patrick Kong
622,564,623,573,615,572,tt5264176,8.1,7.8,Concerto: A Beethoven Journey,25,2015,Higher,Phil Grabsky,1.0013583235293793,2010,Phil Grabsky,Phil Grabsky
623,573,615,572,604,560,tt4000936,5.3,6.0,Looking for Grace,331,2015,Lower,Sue Brooks,1.0179842035289801,2010,Sue Brooks,Sue Brooks
624,627,626,625,624,627,tt9421456,4.5,5.1,You Came Back,101,2020,Lower,Stefano Mordini,1.005487627058692,2020,Stefano Mordini,Stefano Mordini
625,624,627,626,625,624,tt3802574,4.8,5.1,Operation Parindey,310,2020,Lower,Sanjay Gadhvi,1.0168432117643016,2020,Sanjay Gadhvi,Sanjay Gadhvi
626,625,624,627,626,625,tt5752258,8.1,7.1999999999999975,Two Wolves,8,2020,Higher,Mykel Shannon Jenkins,1.0004346635294012,2020,Mykel Shannon Jenkins,Mykel Shannon Jenkins
627,626,625,624,627,626,tt11654032,5.7,5.300000000000002,Bonnie Bears: The Wild Life,6,2020,Higher,Leon Ding,1.0003259976470509,2020,Leon Ding,Leon Ding
628,628,628,628,628,628,tt11550202,7.2,6.6,Zabawa w chowanego,338,2020,Higher,Tomasz Sekielski,1.0183645341172058,2020,Tomasz Sekielski,Tomasz Sekielski
